{"type":"FeatureCollection","name":"Municipios de Urabá, Antioquia","features":[{"type":"Feature","properties":{"shapeName":"Chigorodó","shapeISO":"","shapeID":"7082276B26986898364485","shapeGroup":"COL","shapeType":"ADM2"},"geometry":{"type":"Polygon","coordinates":[[[-76.490829373,7.71976759174847],[-76.50071329399998,7.723133345748375],[-76.50552153299998,7.726851662748254],[-76.509897804,7.727183508748233],[-76.516487477,7.732557165748069],[-76.52481603799998,7.730824508748139],[-76.52631242500001,7.73334473474806],[-76.53497570500002,7.733896032748049],[-76.54111613200001,7.729833252748147],[-76.55353691699997,7.733438136748056],[-76.563983,7.730537178748152],[-76.56874192200002,7.725153647748318],[-76.57843822500001,7.729942311748156],[-76.597027765,7.729882825748159],[-76.611958883,7.73589096674796],[-76.62126753299998,7.733491674748029],[-76.63570967099997,7.71598241274861],[-76.64312169200002,7.717995438748539],[-76.64415913699997,7.715698147748618],[-76.64649576800002,7.715769529748599],[-76.65000785199999,7.712443042748728],[-76.655956505,7.718015740748529],[-76.65791717899998,7.716940223748563],[-76.66533634000001,7.722165523748401],[-76.67034449300002,7.723003980748356],[-76.67141525,7.72472195174831],[-76.67818719500002,7.727058582748227],[-76.68415012499997,7.721990329748398],[-76.69052196500002,7.722556343748392],[-76.69381276000001,7.724533678748323],[-76.69828876399998,7.719858272748481],[-76.702220823,7.718728032748507],[-76.710053856,7.720756741748441],[-76.713502603,7.723911280748386],[-76.717523416,7.724107419748341],[-76.722296089,7.727038580748244],[-76.72686172800002,7.727403616748237],[-76.727177725,7.729615605748156],[-76.73208660699999,7.733614627748042],[-76.733606668,7.737172337747921],[-76.73735506999998,7.73769537074789],[-76.74133774699999,7.743149076747746],[-76.74400194499998,7.742609699747759],[-76.74941206400001,7.744957896747693],[-76.75120998800003,7.744075280747708],[-76.756058935,7.745747896747661],[-76.76068995399999,7.744216934747704],[-76.764416563,7.745622584747638],[-76.76604559200001,7.744571069747702],[-76.77349880600002,7.749212984747534],[-76.77713824300002,7.748984158747533],[-76.78063602399999,7.752585456747455],[-76.78442661899999,7.751226224747472],[-76.791952031,7.75521052374736],[-76.794288891,7.755172524747335],[-76.79980946,7.758488053747249],[-76.80244767699998,7.763299231747116],[-76.80794272600002,7.765723083747027],[-76.80955989,7.770961438746873],[-76.809733247,7.770775587746857],[-76.81374930099997,7.769039529746905],[-76.81540255099998,7.769567770746932],[-76.81773822999997,7.76799589874698],[-76.819101661,7.767122160746951],[-76.81889179199999,7.764852153747091],[-76.81605799099998,7.757756287747274],[-76.818017721,7.753130591747415],[-76.81784237699998,7.74749159074763],[-76.819514928,7.741301708747828],[-76.81677740100002,7.734777946748004],[-76.81751124300001,7.732094818748093],[-76.81641313699998,7.731788426748129],[-76.81672942799997,7.729708000748179],[-76.81946373599999,7.727467691748302],[-76.81721865999998,7.723271121748405],[-76.81716823800002,7.72219256474841],[-76.81480939199997,7.723082815748367],[-76.81504101899998,7.720238030748475],[-76.81174650399998,7.719802887748481],[-76.80771453099999,7.714288849748723],[-76.808830592,7.713041180748698],[-76.81052418899998,7.713984887748699],[-76.811767149,7.71401113774866],[-76.81198991399998,7.711743825748713],[-76.80680593,7.710594114748769],[-76.806679358,7.708819140748829],[-76.80960031199999,7.707470697748942],[-76.81297136500001,7.707880425748837],[-76.81307636499997,7.703303126749035],[-76.81605623399997,7.702965263749023],[-76.81417574699998,7.701418506749094],[-76.81340264699998,7.698819377749206],[-76.81667961199997,7.699848959749114],[-76.81590775900003,7.695194688749276],[-76.82181654800002,7.694102740749293],[-76.81597838800002,7.691075952749394],[-76.821046131,7.686977209749537],[-76.81507121800001,7.685003376749581],[-76.81503789700002,7.683814428749621],[-76.818110564,7.684640054749598],[-76.81888584900003,7.683638424749661],[-76.815286775,7.680545032749722],[-76.81699127899998,7.67737842774983],[-76.81779051299998,7.678975471749765],[-76.820693135,7.679401830749775],[-76.82312058399998,7.677237729749898],[-76.82056595799997,7.678544031749793],[-76.82064406,7.676064310749879],[-76.81574114300003,7.675339506749892],[-76.81900196599997,7.674619629749971],[-76.81939450200002,7.673048784749962],[-76.815035851,7.673275439749956],[-76.81329153500002,7.671992025750002],[-76.81502023000002,7.670982498750027],[-76.81518953400001,7.666655139750161],[-76.81713063299998,7.668852505750115],[-76.82038071900001,7.66571089375018],[-76.81999275700002,7.664838644750212],[-76.818027756,7.666473843750169],[-76.81629228100002,7.663318462750279],[-76.81328082099998,7.664468547750308],[-76.813238877,7.662487644750307],[-76.815355308,7.660271217750368],[-76.813878166,7.658246372750437],[-76.810982067,7.660959924750339],[-76.81191551699999,7.665776329750225],[-76.812600132,7.667763609750149],[-76.81071362400002,7.668446659750093],[-76.803923059,7.666350115750171],[-76.80273710199998,7.664157794750244],[-76.80053520000001,7.665603089750201],[-76.79691475700002,7.658194713750434],[-76.79577036400002,7.65825917675043],[-76.79712291499999,7.659819168750453],[-76.79649341800001,7.661055648750342],[-76.79415100799997,7.658209101750448],[-76.788285702,7.658557862750427],[-76.787784838,7.656019130750507],[-76.79065533800002,7.657122121750454],[-76.793432709,7.654728530750537],[-76.790987938,7.654311463750558],[-76.79069646800002,7.65168854675064],[-76.787920159,7.65186116775063],[-76.78918122200002,7.643979199750889],[-76.789937007,7.647340038750816],[-76.79279130100002,7.65040210075069],[-76.79236074800002,7.645618597750848],[-76.79752713300002,7.641152002750988],[-76.794029325,7.639230591751035],[-76.791263201,7.63990873475103],[-76.78987716400002,7.637041484751118],[-76.785849928,7.636857076751125],[-76.78668273900001,7.639117563751052],[-76.78503496000002,7.639617251751028],[-76.78345262099998,7.636999844751111],[-76.78728950099998,7.634780997751239],[-76.78222719799999,7.633460395751261],[-76.78112074799998,7.631176113751326],[-76.78670653299997,7.628314810751386],[-76.784933835,7.625530840751483],[-76.78251868000001,7.625084693751503],[-76.783732208,7.622657644751573],[-76.782274788,7.62000454375164],[-76.77907441299999,7.618529276751695],[-76.78041880799998,7.620706484751667],[-76.781935713,7.62394255375153],[-76.778324882,7.626542112751474],[-76.772620125,7.62390091275153],[-76.769687439,7.617952257751726],[-76.76572563600001,7.621110993751611],[-76.76251336399997,7.620742178751629],[-76.76128794200002,7.617000474751755],[-76.76602306900003,7.613930971751842],[-76.76473221100002,7.611099410751938],[-76.76583866099998,7.606209618752119],[-76.763274792,7.605156706752118],[-76.757790134,7.606322643752084],[-76.75617804900003,7.61002270575197],[-76.75518462399998,7.608380877752019],[-76.756374355,7.605406550752111],[-76.754090072,7.606786639752077],[-76.75266834400003,7.603044935752202],[-76.74730860699998,7.605073426752173],[-76.744286693,7.608351132752015],[-76.74510165800001,7.605793212752134],[-76.73799896499997,7.602884323752203],[-76.736416625,7.600189581752274],[-76.73293666400002,7.599666102752309],[-76.73183616300003,7.598119450752359],[-76.72826697,7.599773176752272],[-76.72539377099997,7.597500792752368],[-76.724638293,7.600147941752265],[-76.72285964500003,7.598987954752315],[-76.72216365399998,7.600873677752295],[-76.72071813100001,7.597887452752363],[-76.71851713,7.597542433752365],[-76.718927587,7.59541281475242],[-76.71360354199999,7.593830474752553],[-76.71145607699998,7.590528970752621],[-76.711176492,7.586787269752713],[-76.7142341,7.586037739752736],[-76.713151445,7.583860533752805],[-76.71480517100002,7.578709000752968],[-76.71329421299998,7.573313570753172],[-76.71112890400002,7.571243438753209],[-76.710599473,7.568090654753301],[-76.70767868299998,7.567608812753324],[-76.70782740099997,7.564699920753418],[-76.703175553,7.563730292753439],[-76.70616772699998,7.560512070753608],[-76.69635839900002,7.54696103975397],[-76.693943246,7.540982643754173],[-76.695168669,7.538299800754249],[-76.692485825,7.537847703754275],[-76.68079077599998,7.529466055754528],[-76.677762912,7.5303999937545],[-76.67484212099998,7.525557788754727],[-76.667673997,7.5242252907547],[-76.66904813500003,7.520882147754812],[-76.66558601999998,7.52151865175479],[-76.665110126,7.519305755754859],[-76.66248082300001,7.520394356754815],[-76.66518746000003,7.517455723754924],[-76.66462828700003,7.514517087755007],[-76.66144575800001,7.513963863755039],[-76.65949460000002,7.515962612754969],[-76.658715326,7.514653908755013],[-76.66008351599999,7.513684277755076],[-76.66176103499998,7.509728423755166],[-76.658941374,7.508711204755198],[-76.658739121,7.505683341755293],[-76.661850265,7.503351468755366],[-76.65788251499998,7.502875576755444],[-76.65872722199998,7.500180838755525],[-76.65630017199999,7.500412832755451],[-76.65632396799998,7.498753159755502],[-76.653016515,7.497854915755544],[-76.654646448,7.497283841755564],[-76.65426573399998,7.49354213975573],[-76.64890373100002,7.490126612755764],[-76.65065710599998,7.486036441755925],[-76.647711335,7.488577706755827],[-76.64619799500002,7.487854347755849],[-76.64849179599997,7.484599246755971],[-76.64750194200002,7.481191858756056],[-76.64918659799997,7.480796867756117],[-76.65039536699999,7.481425045756096],[-76.65179924900002,7.482072259756047],[-76.652475015,7.480416155756092],[-76.65005272399998,7.480449466756127],[-76.648686914,7.478407888756151],[-76.65163578099998,7.477949584756218],[-76.647740042,7.47510538075626],[-76.64674259100002,7.471101004756372],[-76.647896602,7.468950505756463],[-76.64410618300002,7.468331139756464],[-76.64348951,7.466372790756569],[-76.639640358,7.467039473756518],[-76.63832451600001,7.465288192756575],[-76.63713002700001,7.466925258756522],[-76.63655657499999,7.465516617756561],[-76.633344304,7.465583245756569],[-76.634305606,7.46323709675664],[-76.63141217999998,7.465109729756585],[-76.63001305900002,7.460212802756735],[-76.62284136300002,7.459239599756761],[-76.62074267899999,7.457892824756808],[-76.62156359300002,7.456386626756839],[-76.618755829,7.455268278756892],[-76.61593125600001,7.456192213756874],[-76.61533307500002,7.458204581756819],[-76.61285852999998,7.458722079756767],[-76.61028179599998,7.462029685756685],[-76.60080342100002,7.46422927275662],[-76.59403449799998,7.470407342756401],[-76.59380547400002,7.472480448756334],[-76.59114345299997,7.473482796756302],[-76.59207144200002,7.475505338756253],[-76.58865394100002,7.476486867756222],[-76.589129834,7.479006120756143],[-76.587247085,7.477801516756181],[-76.58691395900001,7.480282105756112],[-76.58450475500001,7.480832356756087],[-76.58183083699998,7.484309342755982],[-76.57537156500001,7.485740323755941],[-76.57571709500002,7.492099445755729],[-76.57434435300001,7.4937761877557],[-76.57694734,7.495063430755637],[-76.577351088,7.497143920755544],[-76.57161786699999,7.504534883755341],[-76.57147061799998,7.50656787175528],[-76.56878688199998,7.508472611755198],[-76.56890562900003,7.512685840755077],[-76.56388965600001,7.518252813754889],[-76.559177681,7.530370000754501],[-76.554066707,7.531690493754446],[-76.552071717,7.533666483754384],[-76.55079397399999,7.531638246754453],[-76.54828123700003,7.532977737754429],[-76.545972748,7.531329496754481],[-76.53903778400002,7.531058749754489],[-76.535869548,7.536896467754309],[-76.531484187,7.538690309754239],[-76.53087742500003,7.543158937754081],[-76.52729395699998,7.547363443753949],[-76.52079089,7.547142155753986],[-76.50436398099998,7.551364804753829],[-76.50209843300001,7.555646548753727],[-76.50910991699999,7.579593084752941],[-76.514530128,7.586664648752716],[-76.51388164399998,7.590872446752573],[-76.50827137700003,7.60214201275222],[-76.50832255400002,7.606201085752097],[-76.51187906299998,7.610076119751946],[-76.511219547,7.613402158751843],[-76.50998705199999,7.615797481751793],[-76.503773647,7.618855730751696],[-76.50083061200002,7.630253457751361],[-76.492298683,7.640469143751015],[-76.492182667,7.644220516750895],[-76.49468098,7.647938978750775],[-76.495561914,7.652982081750599],[-76.49045288899998,7.662502759750302],[-76.48793770499998,7.683256933749627],[-76.485563115,7.689319446749455],[-76.48723245399998,7.692070044749348],[-76.48934687500002,7.704108286748985],[-76.487999662,7.713826272748666],[-76.49131174000001,7.717208094748554],[-76.490829373,7.71976759174847]]]}},{"type":"Feature","properties":{"shapeName":"San Juan De Urabá","shapeISO":"","shapeID":"7082276B41471862384078","shapeGroup":"COL","shapeType":"ADM2"},"geometry":{"type":"Polygon","coordinates":[[[-76.56544888500002,8.611413709720296],[-76.55543402500001,8.603145465720536],[-76.551390771,8.605113556720449],[-76.54839571600002,8.603130110720517],[-76.545784599,8.603572579720506],[-76.542754161,8.611257411720256],[-76.53409890299997,8.616127870720122],[-76.52407524799997,8.630207520719665],[-76.518378574,8.631960542719618],[-76.517909508,8.634990731719535],[-76.51439629700002,8.637192110719445],[-76.512481653,8.640394043719363],[-76.51381569699998,8.64570234271918],[-76.50761583899998,8.649475751719077],[-76.50279127599998,8.655801950718871],[-76.50232571599997,8.658403948718782],[-76.49379154000002,8.660003502718729],[-76.49083913800001,8.662103290718674],[-76.49119774500002,8.674022665718285],[-76.48561342199997,8.679205013718128],[-76.48990736000002,8.68882190571782],[-76.49009401900003,8.693881954717666],[-76.48345027900001,8.693200761717703],[-76.484126834,8.691668675717752],[-76.48215710900001,8.68888671171783],[-76.48211446599998,8.685437046717936],[-76.48004426300002,8.68529003871794],[-76.47947323099999,8.681072949718072],[-76.47658475100002,8.680780888718093],[-76.47524129300001,8.67785616371817],[-76.47745590199997,8.678003433718182],[-76.476254891,8.676324636718222],[-76.47233688799997,8.676479746718199],[-76.468917685,8.67921972471813],[-76.46585428499998,8.679430937718124],[-76.46118984700001,8.686064968717897],[-76.461091463,8.689512792717816],[-76.45365016099998,8.68856230271787],[-76.450401672,8.69019200771779],[-76.448209836,8.697701915717584],[-76.44823334699998,8.705532447717298],[-76.44541420000002,8.712093142717103],[-76.44159664699998,8.716341534716994],[-76.437351262,8.718191219716907],[-76.429027501,8.729661846716535],[-76.42847275499997,8.734110202716412],[-76.43336840299997,8.738403080716282],[-76.436078851,8.739259462716241],[-76.44662921399998,8.73804715071628],[-76.45864622,8.74111979271618],[-76.46470779999999,8.744388769716092],[-76.46802433699997,8.756085143715714],[-76.47215599499998,8.761925845715533],[-76.48332319000002,8.767714839715353],[-76.47993098900002,8.77038976971528],[-76.47968114499997,8.772524147715203],[-76.47798220800001,8.7725312867152],[-76.473642073,8.779691083714955],[-76.475548021,8.781861150714896],[-76.47544808200001,8.784066912714842],[-76.471521973,8.786358333714766],[-76.46952322599998,8.79530986871448],[-76.47231671100002,8.801685234714267],[-76.478027419,8.80444540971423],[-76.47789416900002,8.810384544713987],[-76.486419694,8.818620562713777],[-76.48860364900003,8.81588887571381],[-76.51127752399998,8.802970280714245],[-76.51222884999999,8.794108826714524],[-76.51410863400002,8.79142048171459],[-76.51336562400002,8.781838833714893],[-76.52405472499998,8.773565872715169],[-76.544341691,8.762399415715517],[-76.56007294300002,8.755539420715719],[-76.584059965,8.746161814716022],[-76.60748150299997,8.741374243716168],[-76.60938714600002,8.737338431716308],[-76.61145475199999,8.736313133716344],[-76.6309195,8.730512244716524],[-76.63126616400001,8.72862818971657],[-76.62761330799998,8.727043884716633],[-76.62838174799998,8.720402113716863],[-76.62528845100002,8.711683052717113],[-76.624452024,8.702469967717406],[-76.62093595099998,8.701175709717418],[-76.624196116,8.693734339717674],[-76.62001727299997,8.692641806717686],[-76.61873777199997,8.690840836717769],[-76.61626428599999,8.691911507717707],[-76.61363824699998,8.690561698717781],[-76.60418124799997,8.691010984717762],[-76.60696705599997,8.682883136717997],[-76.603108625,8.677681361718173],[-76.60167300299997,8.66881890671847],[-76.60219480699999,8.659746331718752],[-76.60614604300002,8.653841823718919],[-76.605084568,8.646072027719175],[-76.59958267500002,8.645110338719192],[-76.59868177499999,8.643594829719241],[-76.596715846,8.644975750719219],[-76.59533417900002,8.642402504719307],[-76.59087753,8.642076261719295],[-76.58991747699997,8.640628310719356],[-76.58806401099997,8.641580922719317],[-76.585447176,8.638030469719421],[-76.578019154,8.637425070719447],[-76.57744645899999,8.63550671671951],[-76.57072391000003,8.635614196719509],[-76.57034237099998,8.633702136719567],[-76.57666706600003,8.618670833720047],[-76.57369831,8.617769766720098],[-76.57439873300001,8.615379431720148],[-76.57022605999998,8.611128570720277],[-76.56544888500002,8.611413709720296]]]}},{"type":"Feature","properties":{"shapeName":"San Pedro De Uraba","shapeISO":"","shapeID":"7082276B58704209579915","shapeGroup":"COL","shapeType":"ADM2"},"geometry":{"type":"Polygon","coordinates":[[[-76.254814597,8.594491086720799],[-76.25818173099998,8.593042384720835],[-76.26060447999998,8.595152954720787],[-76.26265085099999,8.591718222720877],[-76.264627996,8.593773844720818],[-76.265341707,8.590249856720943],[-76.276544688,8.59009294472092],[-76.27680268400002,8.592275407720855],[-76.282962511,8.596869567720718],[-76.28596206600002,8.595188152720763],[-76.287743363,8.59248040072086],[-76.286498054,8.58576448272107],[-76.28802777800001,8.58055286672124],[-76.291277019,8.576332530721368],[-76.29378680399998,8.576679779721376],[-76.29521447899998,8.569171440721583],[-76.296760055,8.56968031272158],[-76.300697873,8.567887784721625],[-76.30101808299997,8.566320076721693],[-76.30572654899998,8.566264643721695],[-76.30935772999999,8.564118936721748],[-76.30866510300001,8.560388214721867],[-76.31308209500003,8.555803040722017],[-76.31653685100002,8.548771470722256],[-76.319687526,8.546469595722323],[-76.32040892700002,8.543883820722407],[-76.31859459200001,8.541483330722471],[-76.32128258400002,8.541554534722462],[-76.318833003,8.538662934722558],[-76.320915926,8.536357634722645],[-76.31939644200003,8.534848710722676],[-76.321167086,8.533055821722739],[-76.32168836,8.528713964722883],[-76.31850782200002,8.529937237722839],[-76.31844248300001,8.527906284722874],[-76.31696875900002,8.529229621722864],[-76.31801620200002,8.52592987772296],[-76.315379136,8.526048990722943],[-76.313238405,8.524055519723014],[-76.309910801,8.524801863722988],[-76.31002180799999,8.523265202723046],[-76.30816123800003,8.523106428723047],[-76.30864785400001,8.521646648723088],[-76.30711650699999,8.520843839723124],[-76.31856741500002,8.511731800723414],[-76.31389252999998,8.506980865723555],[-76.316330429,8.496042551723917],[-76.31416438399998,8.48944492272412],[-76.311828472,8.487821998724167],[-76.31203914600002,8.48543053872424],[-76.31360457800002,8.481700052724358],[-76.31669639900002,8.48299306072432],[-76.318825951,8.478825100724432],[-76.31716584100002,8.47521119972456],[-76.32009343200002,8.473133963724628],[-76.32059691699999,8.470084836724725],[-76.32392562400003,8.467920087724826],[-76.32326566,8.464285011724916],[-76.32681824399998,8.462102118724987],[-76.32627926499998,8.458573224725104],[-76.327911019,8.456511062725154],[-76.326528129,8.454853621725189],[-76.328924815,8.452133087725274],[-76.32860698299999,8.44699916172545],[-76.32984831300001,8.445388212725504],[-76.33203131300002,8.446118420725478],[-76.33802865500002,8.44278005172558],[-76.34055150799998,8.443957286725535],[-76.34817897099998,8.44387495172554],[-76.348497845,8.4457136887255],[-76.35412705200002,8.449181528725378],[-76.354001633,8.452954589725257],[-76.357206658,8.45321745172525],[-76.35808494999998,8.45525406172519],[-76.36239884999998,8.45550277072519],[-76.36515321000002,8.458288272725097],[-76.370252812,8.452784553725277],[-76.37376859699998,8.454978890725204],[-76.38108963000002,8.453172623725246],[-76.39014298299998,8.455641200725172],[-76.397361052,8.454166718725228],[-76.402651671,8.463466089724937],[-76.40547938399999,8.459942234725078],[-76.406487229,8.455531764725178],[-76.403834904,8.453152140725233],[-76.40507670900001,8.450216382725351],[-76.403545215,8.449652506725368],[-76.40201495100001,8.444808422725506],[-76.409700236,8.439097719725709],[-76.41995427699999,8.439211838725752],[-76.42090452899998,8.434301760725884],[-76.423744193,8.431792675725927],[-76.423255149,8.428137101726048],[-76.42552387500001,8.424428126726168],[-76.42366214999998,8.422878026726245],[-76.420187,8.421752276726302],[-76.42253553,8.417287648726399],[-76.41997710499999,8.414344073726527],[-76.42032970899999,8.412546294726571],[-76.41927962300002,8.411318752726567],[-76.41417640600002,8.411375694726582],[-76.41150641500002,8.413239846726519],[-76.407725154,8.410381179726615],[-76.406603609,8.41162505072656],[-76.40657789199997,8.407461442726742],[-76.40325490599997,8.406177156726747],[-76.40115544899999,8.401813271726907],[-76.397778609,8.390085939727259],[-76.39498787899998,8.388853444727284],[-76.39285896500002,8.38089412572753],[-76.39303073999997,8.37941561772764],[-76.399346031,8.378477561727616],[-76.40398257200002,8.374735848727726],[-76.40097811800001,8.361956594728117],[-76.40411837,8.358696693728248],[-76.404781459,8.352381733728441],[-76.40217041800003,8.352285949728454],[-76.402949196,8.349883168728526],[-76.40162955199997,8.348731624728588],[-76.40124226199998,8.347314656728631],[-76.400834793,8.343348961728724],[-76.40216880499997,8.34279507472877],[-76.39997530699998,8.340351313728794],[-76.40059126099999,8.338342962728886],[-76.396254027,8.33596726172896],[-76.39683967299999,8.330675634729106],[-76.39896673499999,8.329836061729186],[-76.40007712300002,8.327321224729223],[-76.39258846799999,8.324491549729332],[-76.38947100299998,8.318460716729502],[-76.39011154000002,8.317039518729542],[-76.39351994700002,8.317155232729544],[-76.39626617099998,8.312405564729714],[-76.39438494799998,8.306589384729886],[-76.39741751999998,8.301720554730075],[-76.39618578400001,8.294686960730285],[-76.397607907,8.292345355730331],[-76.39427762899999,8.286383827730578],[-76.399860989,8.283138468730675],[-76.40047410099999,8.27789229073085],[-76.40285992499997,8.277785254730826],[-76.40383593799999,8.266589033731199],[-76.39999008799998,8.25769572373146],[-76.40021197700003,8.254025290731551],[-76.40218306499997,8.254156598731596],[-76.40433398699997,8.247013946731792],[-76.40471001499998,8.245971265731828],[-76.40491135299999,8.24324656673192],[-76.407669774,8.237086176732067],[-76.40710033699997,8.235186534732172],[-76.409157488,8.231431617732248],[-76.407675208,8.229705926732313],[-76.40647931500001,8.23097848373227],[-76.40564583499997,8.228744680732369],[-76.40135908600001,8.22232179773255],[-76.39779676900002,8.223193837732508],[-76.39539306400002,8.222220885732556],[-76.39463502400002,8.21614116573275],[-76.396851933,8.212958202732878],[-76.39575658899997,8.210983477732917],[-76.39770640299997,8.204759633733126],[-76.39928123800001,8.201733261733207],[-76.39823185400002,8.196447401733359],[-76.40587044300003,8.195069858733413],[-76.40736423499999,8.192129640733569],[-76.41055493200003,8.190839982733541],[-76.41223483300001,8.17561487673402],[-76.41075748499998,8.166824546734285],[-76.41259856,8.164407760734392],[-76.40877272400002,8.154396013734681],[-76.40547247299997,8.1528375467348],[-76.40428925700002,8.148829659734863],[-76.399860903,8.147633025734967],[-76.40010019800002,8.142055954735083],[-76.402321572,8.136470682735295],[-76.40096623699998,8.133422168735397],[-76.399569413,8.13158286773543],[-76.4024063,8.121893302735712],[-76.40027254699999,8.12098378873574],[-76.39991240699999,8.11823898273587],[-76.40041463799997,8.11052632873613],[-76.40260616199998,8.105410067736274],[-76.40167998499999,8.10214851873638],[-76.392369131,8.10559602773623],[-76.38372664500002,8.106646580736212],[-76.377359065,8.10898004673613],[-76.374852224,8.111544445736035],[-76.372017637,8.14642550173495],[-76.37112126099998,8.149812866734823],[-76.368151243,8.152946084734742],[-76.357335132,8.14624227873494],[-76.352931447,8.147706281734914],[-76.35130801999998,8.153072376734743],[-76.34926511600003,8.15516198573467],[-76.33533406700002,8.147747831734906],[-76.33114775899998,8.151459391734788],[-76.33252030400001,8.155661366734657],[-76.34958237199999,8.172130406734134],[-76.353000893,8.18158466073383],[-76.35335615999998,8.194239021733418],[-76.350841705,8.204425808733099],[-76.347575511,8.209037770732971],[-76.34305936599998,8.210933619732904],[-76.33950472599997,8.220416952732595],[-76.33321895799997,8.230137244732289],[-76.33407556600002,8.237085272732074],[-76.32804125299998,8.242091656731931],[-76.328383895,8.246431794731766],[-76.32672779,8.251190715731639],[-76.32421507999999,8.253741500731538],[-76.325109757,8.258709812731391],[-76.32411990100002,8.264744125731191],[-76.320693474,8.268094409731109],[-76.314126165,8.271254332731008],[-76.31359316200002,8.275137612730907],[-76.30891038599998,8.282961279730626],[-76.30327582299998,8.284522207730578],[-76.30308546600003,8.29386872873029],[-76.29975421699999,8.298894152730124],[-76.303639675,8.307900388729843],[-76.30343039399997,8.311179061729746],[-76.29474539699999,8.31508556972963],[-76.288024829,8.328230272729183],[-76.28561205300002,8.32928675372918],[-76.26420261499999,8.354870718728382],[-76.250168556,8.362380298728121],[-76.24838812399997,8.365845982728004],[-76.242877293,8.369986245727883],[-76.237242729,8.37012901272788],[-76.226002155,8.381236335727504],[-76.21985362800001,8.382102458727514],[-76.21800954600002,8.38437008472744],[-76.21246421199999,8.386097098727355],[-76.19987967399999,8.38739496472734],[-76.19429731899999,8.391364113727207],[-76.183828904,8.392747099727178],[-76.18042894799999,8.396064367727064],[-76.18088453000001,8.399971798726952],[-76.1887046,8.407264106726712],[-76.19694031799997,8.423434106726187],[-76.199766346,8.424795216726153],[-76.20326002000002,8.423551190726197],[-76.205308925,8.426819749726079],[-76.21187008499999,8.430029112725977],[-76.213209802,8.43274765772589],[-76.212767933,8.437247094725741],[-76.21866846299997,8.44356047272555],[-76.21680611199997,8.45436962172523],[-76.21349349299999,8.461702892724992],[-76.212519123,8.47140201272468],[-76.209681977,8.476781850724512],[-76.20869679999998,8.500721091723747],[-76.20999637,8.522922530723065],[-76.21517021699998,8.527247686722921],[-76.21602208000002,8.530931130722797],[-76.21935460499998,8.532584444722753],[-76.228105094,8.541774631722463],[-76.22907090899997,8.546454998722304],[-76.23402854900002,8.549584208722205],[-76.23722938200001,8.55633157672199],[-76.236577151,8.5600349267219],[-76.23195792400003,8.559697271721896],[-76.22385997100002,8.561772593721825],[-76.22208873599999,8.571781935721503],[-76.22412313199999,8.573851746721447],[-76.24406344699997,8.572086903721512],[-76.25534102199998,8.576873793721358],[-76.26547082299999,8.58444723172112],[-76.26164465,8.586802900721048],[-76.260172533,8.590087186720938],[-76.256101527,8.591098736720898],[-76.254814597,8.594491086720799]]]}},{"type":"Feature","properties":{"shapeName":"Vigia Del Fuerte","shapeISO":"","shapeID":"7082276B16172876286455","shapeGroup":"COL","shapeType":"ADM2"},"geometry":{"type":"Polygon","coordinates":[[[-76.573294212,6.63333221978319],[-76.58185686500002,6.634963979783144],[-76.602029823,6.643514857782867],[-76.612502807,6.644694140782824],[-76.61490823499997,6.642718253782872],[-76.620843707,6.641374965782932],[-76.62904402999999,6.645123682782823],[-76.63253502499998,6.644405177782831],[-76.63702567799999,6.646435735782768],[-76.63662737599998,6.649739291782661],[-76.64048543299998,6.652051001782601],[-76.643703083,6.650043875782643],[-76.64328916199997,6.647263575782744],[-76.64592888499999,6.644944055782805],[-76.65602699700003,6.645842185782771],[-76.66047860100002,6.647872741782726],[-76.661259584,6.649770531782654],[-76.66885074100003,6.648107036782704],[-76.67615781400002,6.64951964078265],[-76.68353517600002,6.647066376782734],[-76.687864731,6.651236875782597],[-76.689806455,6.660056907782331],[-76.69556580400001,6.663315053782235],[-76.700634031,6.664170727782189],[-76.707281965,6.663216320782219],[-76.71521341099998,6.652882405782565],[-76.73440027100003,6.642778861782888],[-76.74374687099998,6.642745949782891],[-76.74999987799998,6.63994855378298],[-76.772510705,6.644029461782838],[-76.77596586099997,6.647906620782727],[-76.785808803,6.648559477782684],[-76.79007749099998,6.653284787782558],[-76.794298271,6.653243136782557],[-76.799685319,6.655589554782485],[-76.802351075,6.654215024782506],[-76.80923220099999,6.654963329782482],[-76.81702410399998,6.658309240782375],[-76.82269620400001,6.656794111782444],[-76.82359413199998,6.658364033782372],[-76.83091489200001,6.656994462782419],[-76.834062845,6.659752846782333],[-76.837780516,6.658692342782357],[-76.83876957299998,6.656601167782449],[-76.85005155200002,6.659739624782327],[-76.85865614099998,6.666191410782135],[-76.85934346,6.669800308782003],[-76.860845159,6.66929590578204],[-76.86455035900002,6.671451230781959],[-76.870346085,6.681771786781639],[-76.86789477399998,6.68531256978153],[-76.86818910699998,6.690843394781345],[-76.86595305499998,6.694660936781205],[-76.86633524899997,6.697402188781141],[-76.86232441200002,6.700415807781043],[-76.86643628799999,6.708441874780784],[-76.86657686500001,6.711521386780685],[-76.86188510900001,6.71546632778055],[-76.85976766800002,6.720940045780391],[-76.86159077600001,6.722187663780326],[-76.867183103,6.721625355780363],[-76.87108411399998,6.723439680780301],[-76.87081174600002,6.732796832780003],[-76.87535414000001,6.736772523779878],[-76.87946918799997,6.748726202779476],[-76.88687290899998,6.751982902779389],[-76.887583603,6.757410735779205],[-76.89062162800002,6.75746540477922],[-76.89284254900002,6.755820458779266],[-76.89736444099998,6.757226230779217],[-76.89821375999998,6.763089459779033],[-76.90080857700002,6.765285974778941],[-76.902653649,6.771225350778765],[-76.90103060799999,6.777322694778582],[-76.90490196500002,6.778802046778524],[-76.90904296100001,6.776391981778609],[-76.91372932799999,6.777323576778579],[-76.91653339700002,6.779967511778476],[-76.91679521999998,6.782850946778385],[-76.92007401900003,6.782795253778401],[-76.92184555699998,6.784225229778355],[-76.92031205900003,6.78517806277831],[-76.91776317900002,6.784078239778338],[-76.91474518000001,6.786180934778297],[-76.914238474,6.79235819077809],[-76.91039707800002,6.795598701777995],[-76.91155683800002,6.798405848777901],[-76.90538572899999,6.805796024777664],[-76.911504121,6.815667162777344],[-76.909189299,6.823060043777094],[-76.90560019399999,6.827778158776939],[-76.90044277599998,6.827483825776955],[-76.8998876,6.829041597776918],[-76.90212256299998,6.832272992776814],[-76.89938865,6.83387524477676],[-76.90091247100003,6.835085336776724],[-76.90034103800002,6.83664277177668],[-76.90291808699999,6.836418679776687],[-76.91266605499999,6.843040573776451],[-76.91544478600002,6.84197613977648],[-76.91353696800002,6.84688232377632],[-76.917771357,6.844565773776406],[-76.92184367099998,6.839954308776571],[-76.929183395,6.823747264777094],[-76.93112587000002,6.81435608877738],[-76.933007164,6.812123008777465],[-76.93647914600001,6.811771221777468],[-76.945256154,6.815921692777342],[-76.957947542,6.816742738777314],[-76.97030494699999,6.81273493277744],[-76.97230885099998,6.809019358777548],[-76.973060315,6.800878500777817],[-76.97126515100001,6.796940273777951],[-76.96795314399998,6.795339935778001],[-76.959909698,6.794922454778013],[-76.95785013,6.792514986778088],[-76.96526735700002,6.780394155778476],[-76.962100394,6.762794573779034],[-76.96678317300001,6.748498771779502],[-76.96716388700003,6.743130709779668],[-76.961472216,6.7360494327799],[-76.95732243600003,6.724780306780256],[-76.954942975,6.723390699780285],[-76.94494923899998,6.724589948780273],[-76.94017684300002,6.723164525780316],[-76.93618224599999,6.719203433780445],[-76.93364812099998,6.710918793780714],[-76.943007008,6.705121533780885],[-76.94654446700002,6.697478874781131],[-76.951304751,6.691779638781322],[-76.962659556,6.688416866781421],[-76.96442828599999,6.681975200781635],[-76.96268139300003,6.678459577781743],[-76.959405968,6.676013924781828],[-76.952284502,6.675123777781845],[-76.94573652899999,6.67850324978174],[-76.940537603,6.686134868781494],[-76.938967897,6.686344162781493],[-76.94009488199998,6.676003837781804],[-76.937486993,6.65458869178251],[-76.934060569,6.650553122782648],[-76.924847296,6.646898270782754],[-76.92079269499999,6.648954124782677],[-76.91753759199997,6.660013859782324],[-76.90935224600003,6.670159881782019],[-76.903032398,6.672272844781949],[-76.89808311899998,6.668218243782072],[-76.895113551,6.663554497782214],[-76.896103407,6.659119181782344],[-76.89954886700002,6.653903403782528],[-76.909409353,6.645546737782807],[-76.912359885,6.639855065782979],[-76.912283742,6.635172286783121],[-76.90800071199999,6.628129081783341],[-76.90419357500002,6.625521192783435],[-76.900310294,6.625007228783464],[-76.89431405300002,6.625483121783437],[-76.87935200200002,6.6301278287833],[-76.87404104500001,6.630261081783297],[-76.862124704,6.62580672778342],[-76.85805106700002,6.619715309783634],[-76.859250315,6.612900533783851],[-76.863076488,6.609036286783948],[-76.86781637500002,6.607665719784017],[-76.87596364900003,6.609550252783964],[-76.882036034,6.609359895783961],[-76.88725181199999,6.607513432784028],[-76.89100184300003,6.603420759784158],[-76.89926333099999,6.585527211784708],[-76.89861919200001,6.579209761784933],[-76.89053270599999,6.56623745078535],[-76.885835311,6.560734522785526],[-76.88188527,6.560456873785546],[-76.873008094,6.571264975785193],[-76.86883347100002,6.572391690785151],[-76.86392214900002,6.571496094785161],[-76.85128271899998,6.560720080785518],[-76.84909429099997,6.554366656785731],[-76.84632083899999,6.533662068786392],[-76.84110135600002,6.52145117278678],[-76.838539765,6.519563683786832],[-76.827465216,6.525438010786663],[-76.81935671999997,6.525476529786649],[-76.82332429799999,6.507352791787238],[-76.82140856,6.490125679787801],[-76.81998878000002,6.487249712787867],[-76.81489212999998,6.488960731787834],[-76.805153442,6.506120607787282],[-76.800365177,6.507960544787225],[-76.79768286199999,6.506320118787279],[-76.79198571299997,6.49616722278758],[-76.777217317,6.488917935787835],[-76.76798500799998,6.477991453788182],[-76.76701418800002,6.47035814178843],[-76.770573861,6.464856826788608],[-76.776322639,6.466227397788553],[-76.777902601,6.473860708788318],[-76.77984424200002,6.475231275788259],[-76.78228080999997,6.474565026788264],[-76.78176684599998,6.462648687788674],[-76.78473641300002,6.458365656788815],[-76.793245366,6.451265346789039],[-76.79583422000002,6.443651069789269],[-76.79556772,6.437483508789484],[-76.78938112100002,6.433010119789629],[-76.783803665,6.432819762789626],[-76.77323885800001,6.439025398789433],[-76.768765471,6.440167539789405],[-76.76507254799998,6.438530469789435],[-76.76177937400001,6.432153513789644],[-76.76512965500001,6.424672488789885],[-76.77089746799999,6.420770172790016],[-76.77729345900002,6.421055707789992],[-76.788086695,6.424691525789898],[-76.792864652,6.423454204789913],[-76.795263149,6.419970674790048],[-76.79524411300002,6.414336111790229],[-76.79204611799997,6.409234545790383],[-76.76984793499997,6.397463054790771],[-76.76696329599997,6.394607698790868],[-76.76507436999998,6.389292349791034],[-76.76583579800001,6.38435771279118],[-76.76917436500003,6.37978914779133],[-76.77204436099998,6.379569505791337],[-76.780361492,6.382556646791253],[-76.784725058,6.381517002791278],[-76.78692148300001,6.378895934791365],[-76.78671648300002,6.373609870791523],[-76.782631132,6.371047374791606],[-76.77375757300001,6.369187736791685],[-76.77138543299998,6.363242742791866],[-76.77466542899998,6.358498462792009],[-76.78399291599999,6.355159898792129],[-76.787404697,6.352568113792216],[-76.790837824,6.342396407792552],[-76.79078719199998,6.338657419792665],[-76.781430419,6.335113852792768],[-76.77766721,6.328773505792989],[-76.779409708,6.325918150793069],[-76.787346125,6.326211009793072],[-76.790303978,6.322272084793197],[-76.78977683599999,6.318874946793279],[-76.78306914,6.309240648793612],[-76.78480138700002,6.298409342793961],[-76.78270746200002,6.290033638794224],[-76.77703482700002,6.285674469794362],[-76.757599389,6.285388930794376],[-76.75206000399999,6.283085614794458],[-76.748976223,6.279602081794554],[-76.74880490100003,6.276137586794665],[-76.75935067199998,6.261442035795149],[-76.757409032,6.253447046795415],[-76.744255372,6.242787060795743],[-76.731139783,6.236638533795953],[-76.723068651,6.236981177795939],[-76.72702807399997,6.225312299796288],[-76.726219383,6.222980291796373],[-76.718949485,6.21879631579653],[-76.71749171800002,6.215861850796609],[-76.72152424,6.201246324797084],[-76.720104338,6.196797300797229],[-76.71561744799999,6.19427933779731],[-76.713781041,6.191420601797393],[-76.71929026100003,6.183658470797657],[-76.72018006600001,6.180042452797766],[-76.71995288199997,6.176256049797896],[-76.71565531200002,6.170936147798072],[-76.703512773,6.168887530798122],[-76.694397573,6.163248301798304],[-76.689638651,6.165970403798228],[-76.68915060799998,6.162231409798346],[-76.686883277,6.161509189798369],[-76.68094361099998,6.169162356798121],[-76.684263709,6.171213167798058],[-76.68130859500002,6.171093809798056],[-76.677092319,6.173245828797979],[-76.673430644,6.170476843798082],[-76.67255372400001,6.174348209797951],[-76.66869723600001,6.169690450798108],[-76.66676349099998,6.171770158798038],[-76.663492915,6.170608017798065],[-76.65522885399997,6.173246644797993],[-76.65119478499997,6.170401259798083],[-76.64388869099997,6.168326265798154],[-76.63962751999998,6.174734703797942],[-76.635673198,6.174948055797932],[-76.63286173300003,6.178879052797804],[-76.62938509100002,6.179386545797781],[-76.626604805,6.183238260797652],[-76.62092982399997,6.182636075797677],[-76.618032174,6.186897413797526],[-76.612492847,6.187582705797523],[-76.60193280099998,6.192569998797368],[-76.59694513900001,6.18700877779755],[-76.59146528100001,6.189276152797451],[-76.589002199,6.187863371797494],[-76.58351411299998,6.193451432797344],[-76.58162746199997,6.192325647797378],[-76.58258228099999,6.189144944797483],[-76.58015101799998,6.187226843797543],[-76.57112240999999,6.186490638797557],[-76.563191427,6.181391540797707],[-76.55286367600002,6.178513392797824],[-76.54274001300001,6.179068389797791],[-76.527398962,6.177630114797844],[-76.51940948100003,6.179978709797771],[-76.50819789500002,6.173904111797965],[-76.498967418,6.174172849797947],[-76.48952944299998,6.169375655798109],[-76.483442895,6.163695215798301],[-76.48228665599999,6.160549692798397],[-76.47476562000003,6.160487477798388],[-76.47559119700003,6.171098249798053],[-76.47318511399999,6.174348435797951],[-76.468677942,6.176573803797867],[-76.45030602100002,6.16882635679813],[-76.44524959199998,6.168441553798169],[-76.45047202900003,6.175250441797911],[-76.44971702700002,6.194548880797298],[-76.456665353,6.20204960579706],[-76.45713395000001,6.204965097796967],[-76.461259815,6.205429378796961],[-76.467499363,6.210537325796793],[-76.47065658000002,6.2102562047968],[-76.482075807,6.215270186796619],[-76.48437749700003,6.214883906796643],[-76.48437749700003,6.213229609796681],[-76.485933634,6.212838702796696],[-76.49359185100002,6.21769209779654],[-76.492531838,6.212178993796734],[-76.49920388800001,6.213293320796676],[-76.502675614,6.208221878796865],[-76.500579443,6.204143789796977],[-76.50114640499999,6.200947680797099],[-76.506942332,6.197202510797209],[-76.511365823,6.19613512579725],[-76.51228711800002,6.202346325797046],[-76.518357214,6.20810830979686],[-76.52336600799998,6.219555226796495],[-76.52377961600001,6.222629712796397],[-76.521918379,6.225676625796292],[-76.52329707299998,6.229605906796176],[-76.51978140300002,6.242234742795741],[-76.52241470899997,6.2535951837954],[-76.52463440600002,6.288503718794281],[-76.53061793900002,6.305309997793718],[-76.530052674,6.311858797793522],[-76.52576493499998,6.316587716793375],[-76.52597173999999,6.32254367579319],[-76.52387612400003,6.330057559792937],[-76.525185884,6.339997943792614],[-76.52325571199998,6.346133130792405],[-76.524331094,6.350586312792278],[-76.52204246100001,6.354901626792143],[-76.52372446800001,6.35905149579201],[-76.52281453,6.367172002791745],[-76.52656457799998,6.374217132791521],[-76.525172097,6.383468166791203],[-76.52987344399997,6.387811053791074],[-76.53207935400002,6.396165939790812],[-76.53576046799998,6.396221087790817],[-76.53796637800002,6.397889307790759],[-76.54303997300002,6.41169003579029],[-76.53487810299998,6.418748949790095],[-76.53476780800003,6.42073427179002],[-76.54139932700002,6.43057814678971],[-76.54902350499998,6.436368661789523],[-76.54743800699998,6.440739123789377],[-76.54705197200002,6.450265896789085],[-76.548389306,6.456042624788891],[-76.54368795900001,6.474834225788265],[-76.54400505799998,6.486387685787911],[-76.546017952,6.492398788787708],[-76.559418859,6.503759230787354],[-76.56071483099998,6.513547957787038],[-76.565912508,6.519186815786853],[-76.567553154,6.523571063786723],[-76.577617621,6.528451640786563],[-76.58216731099998,6.535041797786357],[-76.57395029499997,6.538929714786217],[-76.56986935999998,6.542445384786117],[-76.566698364,6.548883886785892],[-76.56718090599998,6.557004397785644],[-76.563788762,6.566365875785364],[-76.56350397400001,6.570987628785185],[-76.56063970999998,6.575951509785018],[-76.560480262,6.582754614784815],[-76.557769651,6.59315858678448],[-76.558633327,6.595842623784397],[-76.56518397500002,6.602406558784156],[-76.56873168599998,6.611176187783908],[-76.571787772,6.61355461978383],[-76.57568095599999,6.620357726783605],[-76.57533973900001,6.629257220783316],[-76.573294212,6.63333221978319]]]}},{"type":"Feature","properties":{"shapeName":"Murindó","shapeISO":"","shapeID":"7082276B39517489210154","shapeGroup":"COL","shapeType":"ADM2"},"geometry":{"type":"Polygon","coordinates":[[[-76.57752933,6.694807443781213],[-76.57837821499999,6.696815242781158],[-76.584223673,6.698889109781069],[-76.58623654399997,6.70329099378093],[-76.586775343,6.712318416780663],[-76.588808546,6.714463443780575],[-76.59279362299998,6.715774860780544],[-76.60184137599998,6.715419048780547],[-76.605216493,6.719007652780449],[-76.607524179,6.728126567780143],[-76.61430490999999,6.736279710779898],[-76.61524482300001,6.741325635779729],[-76.61872949600001,6.747774928779519],[-76.59794252400002,6.755008491779285],[-76.59261253199998,6.763136727779032],[-76.585626434,6.76745783077889],[-76.58320890200002,6.774424892778668],[-76.58039162,6.776728208778592],[-76.57603244799998,6.786360268778278],[-76.57669869699998,6.790776546778154],[-76.58025837000002,6.793346363778057],[-76.578081957,6.796033570777981],[-76.57984275799998,6.798650978777887],[-76.580318599,6.804203904777713],[-76.57663074099997,6.806123403777656],[-76.57791544499997,6.809508976777551],[-76.577341107,6.813317750777418],[-76.570660642,6.823534929777079],[-76.57285219800002,6.828976032776923],[-76.57256502799999,6.846372444776343],[-76.57010141799998,6.854156245776112],[-76.564609254,6.860576090775886],[-76.561349393,6.861837206775873],[-76.56428802699998,6.870783978775587],[-76.562574815,6.875090805775439],[-76.56008827800002,6.876042588775412],[-76.561075755,6.880658741775247],[-76.56019535399997,6.884858490775115],[-76.55895734400002,6.885840561775092],[-76.55472505199998,6.884457256775151],[-76.55085452499998,6.885254815775096],[-76.54123852999999,6.889774821774959],[-76.53457293500003,6.897486898774724],[-76.52503605599998,6.90393999677452],[-76.52402716400002,6.911059345774289],[-76.51905885000002,6.919168548774032],[-76.51258671599999,6.925507432773834],[-76.52457281300002,6.96316624677262],[-76.53069446199999,6.961983417772644],[-76.53634803900002,6.955186173772881],[-76.54401942099997,6.962495879772647],[-76.545106627,6.973382951772301],[-76.54247752999999,6.977800574772152],[-76.54493313400002,6.982749849771997],[-76.542782101,6.988384413771804],[-76.54796826799998,6.996664489771542],[-76.54746009799999,7.002956052771336],[-76.55343059299997,6.994408409771627],[-76.560362043,6.989694106771761],[-76.56371348200003,6.989117914771796],[-76.56460015099998,6.9858712387719],[-76.56766301800002,6.98457980577193],[-76.57017159700001,6.980282649772065],[-76.57200017399998,6.979688361772082],[-76.57332017800002,6.981454083772038],[-76.57716590500002,6.981128366772043],[-76.58404592599999,6.983122658771983],[-76.58497735700001,6.990956970771732],[-76.58950879999998,6.99893413577148],[-76.590685946,7.007991306771179],[-76.592937382,7.011625604771072],[-76.59492452199999,7.012315762771054],[-76.59643397100001,7.010876220771082],[-76.59803255700001,7.00587759777124],[-76.60318535800002,7.000489473771433],[-76.60589564999998,7.008238961771185],[-76.60871954800001,7.008993622771132],[-76.61125943299999,7.013935445771005],[-76.61560780000002,7.016789559770909],[-76.62172949799998,7.013457608771011],[-76.62818249600002,7.016178788770903],[-76.629870773,7.014672769770972],[-76.637813348,7.014135591770988],[-76.641544824,7.012504867771054],[-76.645487334,7.008360916771178],[-76.651847149,7.010691888771084],[-76.653554611,7.014682363770981],[-76.65917580500002,7.019421049770822],[-76.67016879,7.023142930770698],[-76.672708166,7.028269210770543],[-76.67556801699999,7.029853724770496],[-76.68114601399998,7.02252374477072],[-76.68401874699998,7.021338581770761],[-76.70665981600001,7.024915205770647],[-76.82477514200002,7.005457572771268],[-76.83463708099998,6.999268600771449],[-76.842520665,6.988321922771813],[-76.83821495299998,6.98729920977185],[-76.831845596,6.989140184771783],[-76.82875614099999,6.979342802772112],[-76.83029028800001,6.972402110772324],[-76.82387085699997,6.977409168772162],[-76.82087273600001,6.97769767777218],[-76.81914465300002,6.975981491772226],[-76.81914920499997,6.972518491772329],[-76.82332843400002,6.964138874772589],[-76.828491633,6.958563041772749],[-76.82845989200001,6.955526490772863],[-76.82464039400003,6.955600549772847],[-76.81881063399999,6.962435442772641],[-76.81338292700002,6.963514636772606],[-76.810272311,6.960404018772712],[-76.808314951,6.950246906773038],[-76.805172594,6.948395348773098],[-76.800094037,6.948564632773076],[-76.79937688299998,6.939966142773355],[-76.79689272600001,6.93437916977354],[-76.79842509899999,6.925641787773828],[-76.79604563800001,6.907624509774399],[-76.796702369,6.901599712774583],[-76.79399930099999,6.895394080774794],[-76.78808872000002,6.890692263774936],[-76.78550938400002,6.880070349775262],[-76.785975759,6.876463086775389],[-76.792419339,6.866231404775731],[-76.79804438500003,6.861634287775879],[-76.805097107,6.862747876775836],[-76.810850377,6.860069016775917],[-76.820028019,6.858347319775985],[-76.82766894000002,6.859613689775933],[-76.83055740700001,6.858589208775968],[-76.831528133,6.854294889776112],[-76.82532271000002,6.851798657776196],[-76.81911728799997,6.846190921776369],[-76.81793948799998,6.837682636776634],[-76.820382983,6.835309457776696],[-76.82855726499997,6.838948333776601],[-76.83432321100003,6.838473696776595],[-76.83629207000001,6.835625881776688],[-76.83528532499997,6.828684087776915],[-76.85027592900002,6.835422724776713],[-76.852117631,6.843046516776472],[-76.85507292199998,6.846158849776359],[-76.85952727300003,6.846629983776355],[-76.86293941999998,6.844074443776433],[-76.86649236699998,6.844767546776414],[-76.87486439100002,6.851395846776193],[-76.87770066799999,6.852164427776152],[-76.885316827,6.846968258776331],[-76.89064595100001,6.838570359776614],[-76.89537691499999,6.837566525776623],[-76.89605194900003,6.834119047776741],[-76.8998876,6.829041597776918],[-76.90044277599998,6.827483825776955],[-76.90560019399999,6.827778158776939],[-76.909189299,6.823060043777094],[-76.911504121,6.815667162777344],[-76.90538572899999,6.805796024777664],[-76.91155683800002,6.798405848777901],[-76.91039707800002,6.795598701777995],[-76.914238474,6.79235819077809],[-76.91474518000001,6.786180934778297],[-76.91776317900002,6.784078239778338],[-76.92031205900003,6.78517806277831],[-76.92184555699998,6.784225229778355],[-76.92007401900003,6.782795253778401],[-76.91679521999998,6.782850946778385],[-76.91653339700002,6.779967511778476],[-76.91372932799999,6.777323576778579],[-76.90904296100001,6.776391981778609],[-76.90490196500002,6.778802046778524],[-76.90103060799999,6.777322694778582],[-76.902653649,6.771225350778765],[-76.90080857700002,6.765285974778941],[-76.89821375999998,6.763089459779033],[-76.89736444099998,6.757226230779217],[-76.89284254900002,6.755820458779266],[-76.89062162800002,6.75746540477922],[-76.887583603,6.757410735779205],[-76.88687290899998,6.751982902779389],[-76.87946918799997,6.748726202779476],[-76.87535414000001,6.736772523779878],[-76.87081174600002,6.732796832780003],[-76.87108411399998,6.723439680780301],[-76.867183103,6.721625355780363],[-76.86159077600001,6.722187663780326],[-76.85976766800002,6.720940045780391],[-76.86188510900001,6.71546632778055],[-76.86657686500001,6.711521386780685],[-76.86643628799999,6.708441874780784],[-76.86232441200002,6.700415807781043],[-76.86633524899997,6.697402188781141],[-76.86595305499998,6.694660936781205],[-76.86818910699998,6.690843394781345],[-76.86789477399998,6.68531256978153],[-76.870346085,6.681771786781639],[-76.86455035900002,6.671451230781959],[-76.860845159,6.66929590578204],[-76.85934346,6.669800308782003],[-76.85865614099998,6.666191410782135],[-76.85005155200002,6.659739624782327],[-76.83876957299998,6.656601167782449],[-76.837780516,6.658692342782357],[-76.834062845,6.659752846782333],[-76.83091489200001,6.656994462782419],[-76.82359413199998,6.658364033782372],[-76.82269620400001,6.656794111782444],[-76.81702410399998,6.658309240782375],[-76.80923220099999,6.654963329782482],[-76.802351075,6.654215024782506],[-76.799685319,6.655589554782485],[-76.794298271,6.653243136782557],[-76.79007749099998,6.653284787782558],[-76.785808803,6.648559477782684],[-76.77596586099997,6.647906620782727],[-76.772510705,6.644029461782838],[-76.74999987799998,6.63994855378298],[-76.74374687099998,6.642745949782891],[-76.73440027100003,6.642778861782888],[-76.71521341099998,6.652882405782565],[-76.707281965,6.663216320782219],[-76.700634031,6.664170727782189],[-76.69556580400001,6.663315053782235],[-76.689806455,6.660056907782331],[-76.687864731,6.651236875782597],[-76.68353517600002,6.647066376782734],[-76.67615781400002,6.64951964078265],[-76.66885074100003,6.648107036782704],[-76.661259584,6.649770531782654],[-76.66047860100002,6.647872741782726],[-76.65602699700003,6.645842185782771],[-76.64592888499999,6.644944055782805],[-76.64328916199997,6.647263575782744],[-76.643703083,6.650043875782643],[-76.64048543299998,6.652051001782601],[-76.63662737599998,6.649739291782661],[-76.63702567799999,6.646435735782768],[-76.63253502499998,6.644405177782831],[-76.62904402999999,6.645123682782823],[-76.620843707,6.641374965782932],[-76.61490823499997,6.642718253782872],[-76.612502807,6.644694140782824],[-76.602029823,6.643514857782867],[-76.58185686500002,6.634963979783144],[-76.573294212,6.63333221978319],[-76.57329729499997,6.637359049783046],[-76.567344575,6.648290082782717],[-76.56895663199998,6.661486190782277],[-76.57424456799998,6.669935677782018],[-76.57752933,6.694807443781213]]]}},{"type":"Feature","properties":{"shapeName":"Mutatá","shapeISO":"","shapeID":"7082276B10402397965480","shapeGroup":"COL","shapeType":"ADM2"},"geometry":{"type":"Polygon","coordinates":[[[-76.64410618300002,7.468331139756464],[-76.68248093900002,7.467637002756503],[-76.66185707900001,7.449177968757099],[-76.65959563899997,7.444202800757275],[-76.61874604000002,7.316170811761333],[-76.61544065200002,7.316285815761337],[-76.615169262,7.311861711761468],[-76.609525915,7.311632658761477],[-76.60448339099997,7.313280371761437],[-76.60359445900002,7.307935219761594],[-76.598275565,7.306257722761643],[-76.595513832,7.303352790761759],[-76.596066179,7.301416167761819],[-76.59026994800001,7.300775170761823],[-76.59025630999997,7.303809667761721],[-76.586260321,7.301770760761801],[-76.58553749700002,7.297911151761903],[-76.58279622100002,7.2983475737619],[-76.58301443200003,7.302895910761775],[-76.57895025200003,7.304177900761721],[-76.57216525299998,7.295572202762],[-76.56911711700002,7.289298636762196],[-76.567016836,7.279874646762477],[-76.562675065,7.27347517776271],[-76.556344954,7.267988966762883],[-76.554312863,7.268186720762873],[-76.55016003499998,7.262758721763042],[-76.54790973399997,7.262451860763037],[-76.54666183900002,7.258885474763167],[-76.54345004599998,7.257487560763216],[-76.54110427699999,7.259642395763147],[-76.53638546399998,7.254944038763306],[-76.53496709199999,7.257433009763212],[-76.53591494699998,7.262056352763053],[-76.53036571000001,7.254962211763296],[-76.52353550599997,7.235704697763913],[-76.52396901700001,7.229341722764112],[-76.51799620100002,7.224804306764256],[-76.51698942799999,7.216257777764528],[-76.51257350999998,7.207913269764793],[-76.51345819300002,7.205469143764879],[-76.50802264100003,7.200910776765008],[-76.50857744199999,7.197761904765107],[-76.50582592799998,7.197034668765144],[-76.504446422,7.194553056765226],[-76.50663938600002,7.192957063765257],[-76.505616003,7.189318994765398],[-76.50779772099997,7.187738933765421],[-76.50707797899997,7.186569352765461],[-76.508444365,7.184072747765561],[-76.50450827499998,7.178646566765717],[-76.50510993400002,7.173777061765884],[-76.50301818399998,7.172911122765919],[-76.50218035900002,7.169734134766014],[-76.499908673,7.168215928766048],[-76.499852443,7.162688536766246],[-76.49626497899999,7.157549125766396],[-76.49898087999998,7.154968176766489],[-76.49850855,7.152246650766557],[-76.49551149899997,7.146505584766758],[-76.49186780399998,7.144599390766807],[-76.48527204200002,7.135079676767145],[-76.48276132500001,7.136356265767089],[-76.47248740100002,7.136585981767059],[-76.458886548,7.132813912767195],[-76.45574713399998,7.135471441767092],[-76.45310376100002,7.143146521766855],[-76.44329898199999,7.155491933766469],[-76.44247590700002,7.162076183766258],[-76.43522322299998,7.167069834766111],[-76.431577054,7.17222819476593],[-76.43085014600001,7.175512893765833],[-76.434061408,7.188263392765414],[-76.433549395,7.191217971765329],[-76.42391055299998,7.190668613765354],[-76.42202609399999,7.189249373765376],[-76.42224636999998,7.187582936765446],[-76.41009369099999,7.189336754765384],[-76.40503061599998,7.186408442765486],[-76.394115241,7.187188836765463],[-76.386129595,7.180748418765662],[-76.38112907800001,7.18111628776565],[-76.37409823399997,7.177503020765773],[-76.36249568400001,7.180071951765679],[-76.35319698,7.179012756765723],[-76.342058071,7.174455092765864],[-76.33855265,7.17133693476596],[-76.33314671199997,7.169503624766023],[-76.330572309,7.16663735776611],[-76.32509371700002,7.16639849676611],[-76.323441769,7.163497827766215],[-76.32429430299999,7.161628956766277],[-76.322617676,7.161398078766257],[-76.324232855,7.158856103766352],[-76.32070707999998,7.153813377766519],[-76.31742720099999,7.152539681766557],[-76.30524912300001,7.153753030766535],[-76.303196706,7.155500371766467],[-76.30086618000001,7.153810092766526],[-76.29362948699998,7.152880594766548],[-76.28257154900001,7.153549805766535],[-76.28036559200001,7.149662427766651],[-76.27517103899999,7.150983471766617],[-76.27293966000002,7.145994775766786],[-76.26864143699999,7.144426704766825],[-76.26393739100001,7.144783979766808],[-76.25769205799998,7.150540556766627],[-76.248911808,7.153988872766515],[-76.23790469900001,7.150312384766639],[-76.23444036400002,7.15161287576659],[-76.232164195,7.149560279766662],[-76.225712692,7.148532659766693],[-76.218025592,7.150103663766667],[-76.310791414,7.291243516762131],[-76.326995351,7.320555033761199],[-76.352607046,7.356108789760066],[-76.35591648399998,7.364163701759786],[-76.366692119,7.372316335759525],[-76.373601726,7.386620947759062],[-76.38092539399997,7.391709821758925],[-76.38790654399997,7.395040891758817],[-76.40304948,7.41276457975824],[-76.414493891,7.416042334758136],[-76.42413669500002,7.433209410757613],[-76.42298685999998,7.440985263757365],[-76.42732254499998,7.44957842875707],[-76.43762394599997,7.457248896756837],[-76.43883669899998,7.469737478756444],[-76.44151359300002,7.471581559756388],[-76.44502771999998,7.479581434756126],[-76.45573018800002,7.483870592756001],[-76.451931221,7.488854183755826],[-76.45343695999998,7.491779349755742],[-76.45229481899997,7.500649978755457],[-76.45378374900002,7.50310558775536],[-76.461146413,7.508911467755204],[-76.46249794699997,7.516773208754948],[-76.47053100800002,7.518029561754879],[-76.474338145,7.521646342754777],[-76.47671760600002,7.529317724754542],[-76.476298821,7.532249222754462],[-76.480315351,7.53782667775426],[-76.48463645200002,7.538987855754241],[-76.48855780399998,7.537807642754277],[-76.49436368900001,7.541824172754154],[-76.49226976300002,7.549210018753899],[-76.50209843300001,7.555646548753727],[-76.50436398099998,7.551364804753829],[-76.52079089,7.547142155753986],[-76.52729395699998,7.547363443753949],[-76.53087742500003,7.543158937754081],[-76.531484187,7.538690309754239],[-76.535869548,7.536896467754309],[-76.53903778400002,7.531058749754489],[-76.545972748,7.531329496754481],[-76.54828123700003,7.532977737754429],[-76.55079397399999,7.531638246754453],[-76.552071717,7.533666483754384],[-76.554066707,7.531690493754446],[-76.559177681,7.530370000754501],[-76.56388965600001,7.518252813754889],[-76.56890562900003,7.512685840755077],[-76.56878688199998,7.508472611755198],[-76.57147061799998,7.50656787175528],[-76.57161786699999,7.504534883755341],[-76.577351088,7.497143920755544],[-76.57694734,7.495063430755637],[-76.57434435300001,7.4937761877557],[-76.57571709500002,7.492099445755729],[-76.57537156500001,7.485740323755941],[-76.58183083699998,7.484309342755982],[-76.58450475500001,7.480832356756087],[-76.58691395900001,7.480282105756112],[-76.587247085,7.477801516756181],[-76.589129834,7.479006120756143],[-76.58865394100002,7.476486867756222],[-76.59207144200002,7.475505338756253],[-76.59114345299997,7.473482796756302],[-76.59380547400002,7.472480448756334],[-76.59403449799998,7.470407342756401],[-76.60080342100002,7.46422927275662],[-76.61028179599998,7.462029685756685],[-76.61285852999998,7.458722079756767],[-76.61533307500002,7.458204581756819],[-76.61593125600001,7.456192213756874],[-76.618755829,7.455268278756892],[-76.62156359300002,7.456386626756839],[-76.62074267899999,7.457892824756808],[-76.62284136300002,7.459239599756761],[-76.63001305900002,7.460212802756735],[-76.63141217999998,7.465109729756585],[-76.634305606,7.46323709675664],[-76.633344304,7.465583245756569],[-76.63655657499999,7.465516617756561],[-76.63713002700001,7.466925258756522],[-76.63832451600001,7.465288192756575],[-76.639640358,7.467039473756518],[-76.64348951,7.466372790756569],[-76.64410618300002,7.468331139756464]]]}},{"type":"Feature","properties":{"shapeName":"Carepa","shapeISO":"","shapeID":"7082276B33450375559430","shapeGroup":"COL","shapeType":"ADM2"},"geometry":{"type":"Polygon","coordinates":[[[-76.490829373,7.71976759174847],[-76.49098799799998,7.73025539674816],[-76.49568243200002,7.739456264747861],[-76.49663120500003,7.749715599747537],[-76.487895574,7.756837721747305],[-76.48349734200002,7.758035069747275],[-76.48041593599999,7.77799577274662],[-76.48319514600001,7.792805537746148],[-76.48254793299998,7.801295454745896],[-76.483518753,7.803332274745832],[-76.479140545,7.812926259745504],[-76.481272542,7.821720748745252],[-76.473601159,7.838814795744715],[-76.46516835,7.848732389744399],[-76.465742981,7.85340935974424],[-76.463624605,7.857582031744093],[-76.46508037799998,7.862917158743946],[-76.46441063999998,7.870045645743702],[-76.47931766599999,7.879287174743424],[-76.48019330800003,7.881937896743337],[-76.48464765900002,7.881062252743347],[-76.49122329900001,7.873872413743598],[-76.50300757999997,7.876376799743515],[-76.51237075900002,7.882135092743316],[-76.51463124700001,7.881629459743346],[-76.51477520399999,7.871069410743689],[-76.51675610500001,7.86804749374377],[-76.51695836,7.864299844743896],[-76.51356762799998,7.862396273743942],[-76.519575767,7.852997403744264],[-76.52097370000001,7.845204667744506],[-76.51755322499997,7.838869352744708],[-76.517523482,7.834883756744826],[-76.52499562399998,7.817782017745377],[-76.52956418899998,7.813242004745523],[-76.530292304,7.800949708745919],[-76.53633137600002,7.79832278274599],[-76.54174226999999,7.792669182746165],[-76.544754668,7.791427106746208],[-76.54534001500002,7.78997087374626],[-76.543679151,7.78690612774635],[-76.54711033400002,7.775237252746728],[-76.550774704,7.770335562746877],[-76.55615228599999,7.769169625746923],[-76.559935629,7.769812080746893],[-76.56817570200002,7.775738127746705],[-76.57282653700003,7.775486977746717],[-76.575399925,7.777640387746658],[-76.58003987299998,7.777461930746654],[-76.586423949,7.781322782746537],[-76.58833792399997,7.780951104746531],[-76.59253767299998,7.786911654746334],[-76.595726151,7.786096691746383],[-76.597177622,7.783693433746438],[-76.607831659,7.785840897746392],[-76.61154361799998,7.789094810746271],[-76.616778432,7.787018730746337],[-76.61943153099998,7.787435135746337],[-76.623262463,7.791486168746202],[-76.62102577000002,7.792247595746169],[-76.625154135,7.799159931745971],[-76.624630653,7.802265126745863],[-76.62859245599998,7.804983660745772],[-76.628271229,7.80337752674584],[-76.63652201000002,7.801937951745883],[-76.636617188,7.800010589745937],[-76.640686066,7.798969574745969],[-76.64330942200002,7.80076606674589],[-76.64399946600003,7.799528747745947],[-76.64556991,7.800653043745912],[-76.646337286,7.799760745745952],[-76.64692620300002,7.801491801745875],[-76.65602764099998,7.788285793746297],[-76.67158060899999,7.796397285746055],[-76.671777395,7.797640246746015],[-76.67368802800002,7.796933576746038],[-76.67437374399998,7.798397683745995],[-76.680871223,7.799507219745958],[-76.692843977,7.81167890074556],[-76.70214180200003,7.811802429745561],[-76.704860898,7.815392523745452],[-76.70446793899998,7.818891252745343],[-76.70616542200003,7.821026086745278],[-76.70466246500001,7.82497243474515],[-76.708685683,7.831056982744951],[-76.70855234099997,7.834904849744815],[-76.710766052,7.840199309744659],[-76.71609388299998,7.840401424744634],[-76.72061173700001,7.842729522744585],[-76.722887587,7.846453973744445],[-76.72388023600001,7.853343847744254],[-76.73162859299998,7.863118514743931],[-76.742614995,7.872143331743653],[-76.74561808300001,7.876775431743487],[-76.75052672700002,7.87971802874341],[-76.75303439599998,7.87941089574344],[-76.755057367,7.87642283774351],[-76.76288014099998,7.875132961743559],[-76.76941303799998,7.878965471743489],[-76.77515716300002,7.880385262743375],[-76.77640610100002,7.884052568743281],[-76.77898967200002,7.883930103743274],[-76.78562458599998,7.878472278743439],[-76.78852331399997,7.877942624743463],[-76.788582415,7.874468937743577],[-76.791465162,7.871225138743664],[-76.801375285,7.865919415743839],[-76.801751852,7.869191359743745],[-76.803659788,7.869216466743732],[-76.80812576199997,7.858187779744129],[-76.80791094099999,7.856489135744193],[-76.80374816400001,7.85300049974426],[-76.80549434400001,7.849267805744369],[-76.80986660399998,7.845420218744506],[-76.810227092,7.848139940744411],[-76.811993842,7.848532550744402],[-76.813121706,7.845809256744462],[-76.816041305,7.845081143744509],[-76.815541618,7.842222219744596],[-76.82003879899997,7.841269247744687],[-76.818450509,7.834684088744841],[-76.820981066,7.829062610744999],[-76.81878244400002,7.826135873745093],[-76.821091711,7.82593956974511],[-76.82295126000002,7.823944389745182],[-76.82091681999998,7.822912894745208],[-76.821994716,7.819061735745312],[-76.82386854200001,7.817823227745379],[-76.82029221200003,7.810024542745619],[-76.821672299,7.802870696745845],[-76.815590397,7.79257714474617],[-76.81740830500001,7.782654792746495],[-76.81452915699998,7.778409834746617],[-76.812934918,7.777315282746664],[-76.81245426700002,7.777162996746669],[-76.81215445499998,7.776844148746722],[-76.811906991,7.775840016746706],[-76.810817198,7.774907267746722],[-76.81061732299997,7.77353193974678],[-76.81053642199998,7.773389171746787],[-76.80993679800002,7.772884727746805],[-76.80968933399998,7.772584913746864],[-76.80959415500001,7.772442145746814],[-76.80938476300003,7.771799691746832],[-76.809380004,7.771442772746836],[-76.80947235000002,7.771081502746862],[-76.80955989,7.770961438746873],[-76.80794272600002,7.765723083747027],[-76.80244767699998,7.763299231747116],[-76.79980946,7.758488053747249],[-76.794288891,7.755172524747335],[-76.791952031,7.75521052374736],[-76.78442661899999,7.751226224747472],[-76.78063602399999,7.752585456747455],[-76.77713824300002,7.748984158747533],[-76.77349880600002,7.749212984747534],[-76.76604559200001,7.744571069747702],[-76.764416563,7.745622584747638],[-76.76068995399999,7.744216934747704],[-76.756058935,7.745747896747661],[-76.75120998800003,7.744075280747708],[-76.74941206400001,7.744957896747693],[-76.74400194499998,7.742609699747759],[-76.74133774699999,7.743149076747746],[-76.73735506999998,7.73769537074789],[-76.733606668,7.737172337747921],[-76.73208660699999,7.733614627748042],[-76.727177725,7.729615605748156],[-76.72686172800002,7.727403616748237],[-76.722296089,7.727038580748244],[-76.717523416,7.724107419748341],[-76.713502603,7.723911280748386],[-76.710053856,7.720756741748441],[-76.702220823,7.718728032748507],[-76.69828876399998,7.719858272748481],[-76.69381276000001,7.724533678748323],[-76.69052196500002,7.722556343748392],[-76.68415012499997,7.721990329748398],[-76.67818719500002,7.727058582748227],[-76.67141525,7.72472195174831],[-76.67034449300002,7.723003980748356],[-76.66533634000001,7.722165523748401],[-76.65791717899998,7.716940223748563],[-76.655956505,7.718015740748529],[-76.65000785199999,7.712443042748728],[-76.64649576800002,7.715769529748599],[-76.64415913699997,7.715698147748618],[-76.64312169200002,7.717995438748539],[-76.63570967099997,7.71598241274861],[-76.62126753299998,7.733491674748029],[-76.611958883,7.73589096674796],[-76.597027765,7.729882825748159],[-76.57843822500001,7.729942311748156],[-76.56874192200002,7.725153647748318],[-76.563983,7.730537178748152],[-76.55353691699997,7.733438136748056],[-76.54111613200001,7.729833252748147],[-76.53497570500002,7.733896032748049],[-76.52631242500001,7.73334473474806],[-76.52481603799998,7.730824508748139],[-76.516487477,7.732557165748069],[-76.509897804,7.727183508748233],[-76.50552153299998,7.726851662748254],[-76.50071329399998,7.723133345748375],[-76.490829373,7.71976759174847]]]}},{"type":"Feature","properties":{"shapeName":"Apartadó","shapeISO":"","shapeID":"7082276B99397100908240","shapeGroup":"COL","shapeType":"ADM2"},"geometry":{"type":"Polygon","coordinates":[[[-76.424872617,8.072997787737286],[-76.53331302100003,7.963673686740725],[-76.541221645,7.962552414740782],[-76.55136937999998,7.952117374741111],[-76.55696491200001,7.951156501741145],[-76.55968944099999,7.952497923741096],[-76.55948767299998,7.95452560774102],[-76.562113991,7.954769300741078],[-76.564628965,7.954733740741007],[-76.56722448599999,7.951729925741104],[-76.56788948600001,7.953272442741081],[-76.57149440900002,7.95346956274106],[-76.571721529,7.951732159741129],[-76.57733068599998,7.950108392741167],[-76.57881487499998,7.942931342741397],[-76.585700271,7.940119454741487],[-76.586857453,7.943689796741365],[-76.588424923,7.943142519741373],[-76.59005187899999,7.94506690974137],[-76.59275393799999,7.942282281741424],[-76.594876339,7.947545283741254],[-76.60079635800003,7.943164567741375],[-76.605921717,7.935883417741628],[-76.61178946799998,7.938553172741599],[-76.614818522,7.937249227741561],[-76.61409745700001,7.934780003741658],[-76.61639812300001,7.933109930741697],[-76.616560811,7.92825664874185],[-76.61820784600002,7.927332351741899],[-76.619751221,7.929025458741843],[-76.62153715699998,7.927690667741907],[-76.62425569099997,7.929900591741841],[-76.62365487699998,7.927842357741896],[-76.624779172,7.927074981741923],[-76.62579802599998,7.923311226742083],[-76.62989257700002,7.923639481742014],[-76.63120847699997,7.921728980742074],[-76.636827687,7.923920225742013],[-76.641099741,7.922193306742047],[-76.64233757,7.923292590742029],[-76.643439123,7.921362030742085],[-76.644870008,7.922311411742054],[-76.64665974899998,7.921091752742132],[-76.648731124,7.917251077742208],[-76.652853434,7.91717385874222],[-76.65282617899999,7.915652120742316],[-76.65569248999998,7.916219935742308],[-76.65884270700002,7.914623246742308],[-76.66315125900002,7.916233561742249],[-76.66830244300002,7.921452880742075],[-76.66863404499998,7.923394797742025],[-76.67648357299998,7.926936145741966],[-76.68002673199999,7.931690682741747],[-76.68586108599999,7.928924638741852],[-76.686309166,7.926285139741928],[-76.688594615,7.925044177741974],[-76.721163751,7.914886490742298],[-76.725238,7.914936209742295],[-76.72884041499998,7.91717197174222],[-76.73360731600002,7.915780803742269],[-76.73992317400001,7.916692747742233],[-76.74009364300002,7.914760762742294],[-76.737104752,7.911561624742385],[-76.73746273699999,7.906646432742541],[-76.741334139,7.903744115742624],[-76.74491791899999,7.905504290742587],[-76.746849902,7.90437351174263],[-76.748764838,7.893895343742936],[-76.752401512,7.889349502743104],[-76.75303439599998,7.87941089574344],[-76.75052672700002,7.87971802874341],[-76.74561808300001,7.876775431743487],[-76.742614995,7.872143331743653],[-76.73162859299998,7.863118514743931],[-76.72388023600001,7.853343847744254],[-76.722887587,7.846453973744445],[-76.72061173700001,7.842729522744585],[-76.71609388299998,7.840401424744634],[-76.710766052,7.840199309744659],[-76.70855234099997,7.834904849744815],[-76.708685683,7.831056982744951],[-76.70466246500001,7.82497243474515],[-76.70616542200003,7.821026086745278],[-76.70446793899998,7.818891252745343],[-76.704860898,7.815392523745452],[-76.70214180200003,7.811802429745561],[-76.692843977,7.81167890074556],[-76.680871223,7.799507219745958],[-76.67437374399998,7.798397683745995],[-76.67368802800002,7.796933576746038],[-76.671777395,7.797640246746015],[-76.67158060899999,7.796397285746055],[-76.65602764099998,7.788285793746297],[-76.64692620300002,7.801491801745875],[-76.646337286,7.799760745745952],[-76.64556991,7.800653043745912],[-76.64399946600003,7.799528747745947],[-76.64330942200002,7.80076606674589],[-76.640686066,7.798969574745969],[-76.636617188,7.800010589745937],[-76.63652201000002,7.801937951745883],[-76.628271229,7.80337752674584],[-76.62859245599998,7.804983660745772],[-76.624630653,7.802265126745863],[-76.625154135,7.799159931745971],[-76.62102577000002,7.792247595746169],[-76.623262463,7.791486168746202],[-76.61943153099998,7.787435135746337],[-76.616778432,7.787018730746337],[-76.61154361799998,7.789094810746271],[-76.607831659,7.785840897746392],[-76.597177622,7.783693433746438],[-76.595726151,7.786096691746383],[-76.59253767299998,7.786911654746334],[-76.58833792399997,7.780951104746531],[-76.586423949,7.781322782746537],[-76.58003987299998,7.777461930746654],[-76.575399925,7.777640387746658],[-76.57282653700003,7.775486977746717],[-76.56817570200002,7.775738127746705],[-76.559935629,7.769812080746893],[-76.55615228599999,7.769169625746923],[-76.550774704,7.770335562746877],[-76.54711033400002,7.775237252746728],[-76.543679151,7.78690612774635],[-76.54534001500002,7.78997087374626],[-76.544754668,7.791427106746208],[-76.54174226999999,7.792669182746165],[-76.53633137600002,7.79832278274599],[-76.530292304,7.800949708745919],[-76.52956418899998,7.813242004745523],[-76.52499562399998,7.817782017745377],[-76.517523482,7.834883756744826],[-76.51755322499997,7.838869352744708],[-76.52097370000001,7.845204667744506],[-76.519575767,7.852997403744264],[-76.51356762799998,7.862396273743942],[-76.51695836,7.864299844743896],[-76.51675610500001,7.86804749374377],[-76.51477520399999,7.871069410743689],[-76.51463124700001,7.881629459743346],[-76.51237075900002,7.882135092743316],[-76.50300757999997,7.876376799743515],[-76.49122329900001,7.873872413743598],[-76.48464765900002,7.881062252743347],[-76.48019330800003,7.881937896743337],[-76.47931766599999,7.879287174743424],[-76.46441063999998,7.870045645743702],[-76.46168298200001,7.875233964743558],[-76.44812779900002,7.879690460743403],[-76.44808653500002,7.887468704743166],[-76.43816257200001,7.904778898742619],[-76.432643804,7.908794300742486],[-76.42553273099998,7.907706360742526],[-76.421117385,7.911825226742391],[-76.42105028999998,7.91680555974223],[-76.42252966299998,7.919407320742139],[-76.42019816599998,7.922058052742062],[-76.41920837599997,7.926827488741914],[-76.42293247600003,7.950497502741167],[-76.41717379900001,7.952406321741099],[-76.41549251200001,7.954524621741035],[-76.41691778799998,7.963063125740768],[-76.416905401,7.982326079740159],[-76.414121459,8.000707684739579],[-76.41161748600001,8.00711737973938],[-76.41266969999998,8.010344857739254],[-76.42764859599998,8.019794602738939],[-76.42249396400001,8.027723998738702],[-76.42479382200003,8.03267347273854],[-76.42877673599997,8.035635368738435],[-76.427123027,8.039850146738306],[-76.429277851,8.043753110738209],[-76.42776250999998,8.04849024473803],[-76.42932921800002,8.057642342737765],[-76.42487018700001,8.058486901737767],[-76.42370952800002,8.060205576737662],[-76.424678019,8.06386196073755],[-76.42331660500002,8.070300636737368],[-76.424872617,8.072997787737286]]]}},{"type":"Feature","properties":{"shapeName":"Turbo","shapeISO":"","shapeID":"7082276B90132082814174","shapeGroup":"COL","shapeType":"ADM2"},"geometry":{"type":"Polygon","coordinates":[[[-76.80955989,7.770961438746873],[-76.80947235000002,7.771081502746862],[-76.809380004,7.771442772746836],[-76.80938476300003,7.771799691746832],[-76.80959415500001,7.772442145746814],[-76.80968933399998,7.772584913746864],[-76.80993679800002,7.772884727746805],[-76.81053642199998,7.773389171746787],[-76.81061732299997,7.77353193974678],[-76.810817198,7.774907267746722],[-76.811906991,7.775840016746706],[-76.81215445499998,7.776844148746722],[-76.81245426700002,7.777162996746669],[-76.812934918,7.777315282746664],[-76.81452915699998,7.778409834746617],[-76.81740830500001,7.782654792746495],[-76.815590397,7.79257714474617],[-76.821672299,7.802870696745845],[-76.82029221200003,7.810024542745619],[-76.82386854200001,7.817823227745379],[-76.821994716,7.819061735745312],[-76.82091681999998,7.822912894745208],[-76.82295126000002,7.823944389745182],[-76.821091711,7.82593956974511],[-76.81878244400002,7.826135873745093],[-76.820981066,7.829062610744999],[-76.818450509,7.834684088744841],[-76.82003879899997,7.841269247744687],[-76.815541618,7.842222219744596],[-76.816041305,7.845081143744509],[-76.813121706,7.845809256744462],[-76.811993842,7.848532550744402],[-76.810227092,7.848139940744411],[-76.80986660399998,7.845420218744506],[-76.80549434400001,7.849267805744369],[-76.80374816400001,7.85300049974426],[-76.80791094099999,7.856489135744193],[-76.80812576199997,7.858187779744129],[-76.803659788,7.869216466743732],[-76.801751852,7.869191359743745],[-76.801375285,7.865919415743839],[-76.791465162,7.871225138743664],[-76.788582415,7.874468937743577],[-76.78852331399997,7.877942624743463],[-76.78562458599998,7.878472278743439],[-76.77898967200002,7.883930103743274],[-76.77640610100002,7.884052568743281],[-76.77515716300002,7.880385262743375],[-76.76941303799998,7.878965471743489],[-76.76288014099998,7.875132961743559],[-76.755057367,7.87642283774351],[-76.75303439599998,7.87941089574344],[-76.752401512,7.889349502743104],[-76.748764838,7.893895343742936],[-76.746849902,7.90437351174263],[-76.74491791899999,7.905504290742587],[-76.741334139,7.903744115742624],[-76.73746273699999,7.906646432742541],[-76.737104752,7.911561624742385],[-76.74009364300002,7.914760762742294],[-76.73992317400001,7.916692747742233],[-76.73360731600002,7.915780803742269],[-76.72884041499998,7.91717197174222],[-76.725238,7.914936209742295],[-76.721163751,7.914886490742298],[-76.688594615,7.925044177741974],[-76.686309166,7.926285139741928],[-76.68586108599999,7.928924638741852],[-76.68002673199999,7.931690682741747],[-76.67648357299998,7.926936145741966],[-76.66863404499998,7.923394797742025],[-76.66830244300002,7.921452880742075],[-76.66315125900002,7.916233561742249],[-76.65884270700002,7.914623246742308],[-76.65569248999998,7.916219935742308],[-76.65282617899999,7.915652120742316],[-76.652853434,7.91717385874222],[-76.648731124,7.917251077742208],[-76.64665974899998,7.921091752742132],[-76.644870008,7.922311411742054],[-76.643439123,7.921362030742085],[-76.64233757,7.923292590742029],[-76.641099741,7.922193306742047],[-76.636827687,7.923920225742013],[-76.63120847699997,7.921728980742074],[-76.62989257700002,7.923639481742014],[-76.62579802599998,7.923311226742083],[-76.624779172,7.927074981741923],[-76.62365487699998,7.927842357741896],[-76.62425569099997,7.929900591741841],[-76.62153715699998,7.927690667741907],[-76.619751221,7.929025458741843],[-76.61820784600002,7.927332351741899],[-76.616560811,7.92825664874185],[-76.61639812300001,7.933109930741697],[-76.61409745700001,7.934780003741658],[-76.614818522,7.937249227741561],[-76.61178946799998,7.938553172741599],[-76.605921717,7.935883417741628],[-76.60079635800003,7.943164567741375],[-76.594876339,7.947545283741254],[-76.59275393799999,7.942282281741424],[-76.59005187899999,7.94506690974137],[-76.588424923,7.943142519741373],[-76.586857453,7.943689796741365],[-76.585700271,7.940119454741487],[-76.57881487499998,7.942931342741397],[-76.57733068599998,7.950108392741167],[-76.571721529,7.951732159741129],[-76.57149440900002,7.95346956274106],[-76.56788948600001,7.953272442741081],[-76.56722448599999,7.951729925741104],[-76.564628965,7.954733740741007],[-76.562113991,7.954769300741078],[-76.55948767299998,7.95452560774102],[-76.55968944099999,7.952497923741096],[-76.55696491200001,7.951156501741145],[-76.55136937999998,7.952117374741111],[-76.541221645,7.962552414740782],[-76.53331302100003,7.963673686740725],[-76.424872617,8.072997787737286],[-76.42497153800002,8.074293808737218],[-76.418741275,8.074768393737205],[-76.41747888100002,8.072379953737277],[-76.41481731899995,8.07107253473738],[-76.41424863200001,8.071003895737324],[-76.41365172399998,8.071189278737402],[-76.40872379799998,8.073925120737249],[-76.40809680299998,8.082324886737009],[-76.40626513,8.088491972736763],[-76.40782522299997,8.091649111736716],[-76.40852664200003,8.099717149736438],[-76.40237712499999,8.100572353736412],[-76.40167998499999,8.10214851873638],[-76.40260616199998,8.105410067736274],[-76.40041463799997,8.11052632873613],[-76.39991240699999,8.11823898273587],[-76.40027254699999,8.12098378873574],[-76.4024063,8.121893302735712],[-76.399569413,8.13158286773543],[-76.40096623699998,8.133422168735397],[-76.402321572,8.136470682735295],[-76.40010019800002,8.142055954735083],[-76.399860903,8.147633025734967],[-76.40428925700002,8.148829659734863],[-76.40547247299997,8.1528375467348],[-76.40877272400002,8.154396013734681],[-76.41259856,8.164407760734392],[-76.41075748499998,8.166824546734285],[-76.41223483300001,8.17561487673402],[-76.41055493200003,8.190839982733541],[-76.40736423499999,8.192129640733569],[-76.40587044300003,8.195069858733413],[-76.39823185400002,8.196447401733359],[-76.39928123800001,8.201733261733207],[-76.39770640299997,8.204759633733126],[-76.39575658899997,8.210983477732917],[-76.396851933,8.212958202732878],[-76.39463502400002,8.21614116573275],[-76.39539306400002,8.222220885732556],[-76.39779676900002,8.223193837732508],[-76.40135908600001,8.22232179773255],[-76.40564583499997,8.228744680732369],[-76.40647931500001,8.23097848373227],[-76.407675208,8.229705926732313],[-76.409157488,8.231431617732248],[-76.40710033699997,8.235186534732172],[-76.407669774,8.237086176732067],[-76.40491135299999,8.24324656673192],[-76.40471001499998,8.245971265731828],[-76.40433398699997,8.247013946731792],[-76.40218306499997,8.254156598731596],[-76.40021197700003,8.254025290731551],[-76.39999008799998,8.25769572373146],[-76.40383593799999,8.266589033731199],[-76.40285992499997,8.277785254730826],[-76.40047410099999,8.27789229073085],[-76.399860989,8.283138468730675],[-76.39427762899999,8.286383827730578],[-76.397607907,8.292345355730331],[-76.39618578400001,8.294686960730285],[-76.39741751999998,8.301720554730075],[-76.39438494799998,8.306589384729886],[-76.39626617099998,8.312405564729714],[-76.39351994700002,8.317155232729544],[-76.39011154000002,8.317039518729542],[-76.38947100299998,8.318460716729502],[-76.39258846799999,8.324491549729332],[-76.40007712300002,8.327321224729223],[-76.39896673499999,8.329836061729186],[-76.39683967299999,8.330675634729106],[-76.396254027,8.33596726172896],[-76.40059126099999,8.338342962728886],[-76.39997530699998,8.340351313728794],[-76.40216880499997,8.34279507472877],[-76.400834793,8.343348961728724],[-76.40124226199998,8.347314656728631],[-76.40162955199997,8.348731624728588],[-76.402949196,8.349883168728526],[-76.40217041800003,8.352285949728454],[-76.404781459,8.352381733728441],[-76.40411837,8.358696693728248],[-76.40097811800001,8.361956594728117],[-76.40398257200002,8.374735848727726],[-76.399346031,8.378477561727616],[-76.39303073999997,8.37941561772764],[-76.39285896500002,8.38089412572753],[-76.39498787899998,8.388853444727284],[-76.397778609,8.390085939727259],[-76.40115544899999,8.401813271726907],[-76.40325490599997,8.406177156726747],[-76.40657789199997,8.407461442726742],[-76.406603609,8.41162505072656],[-76.407725154,8.410381179726615],[-76.41150641500002,8.413239846726519],[-76.41417640600002,8.411375694726582],[-76.41927962300002,8.411318752726567],[-76.42032970899999,8.412546294726571],[-76.41997710499999,8.414344073726527],[-76.42253553,8.417287648726399],[-76.420187,8.421752276726302],[-76.42366214999998,8.422878026726245],[-76.42552387500001,8.424428126726168],[-76.423255149,8.428137101726048],[-76.423744193,8.431792675725927],[-76.42090452899998,8.434301760725884],[-76.41995427699999,8.439211838725752],[-76.409700236,8.439097719725709],[-76.40201495100001,8.444808422725506],[-76.403545215,8.449652506725368],[-76.40507670900001,8.450216382725351],[-76.403834904,8.453152140725233],[-76.406487229,8.455531764725178],[-76.40547938399999,8.459942234725078],[-76.40365554499994,8.463604364724967],[-76.39815733900002,8.46673293372483],[-76.39413715699999,8.46653711372484],[-76.39361535199998,8.469010393724773],[-76.394332974,8.47099671672469],[-76.398464903,8.471862723724675],[-76.39761431599999,8.473373776724626],[-76.39873578200002,8.47446503272459],[-76.40122472899998,8.473606145724633],[-76.406049677,8.476600576724522],[-76.406186112,8.473659611724619],[-76.411822535,8.467895569724789],[-76.41273985999999,8.464210975724919],[-76.42397200699997,8.45488577772527],[-76.42749653499999,8.454195846725275],[-76.430097923,8.44869309672539],[-76.43295518600002,8.45015248372536],[-76.433539354,8.44988870872536],[-76.43402680000003,8.449720215725376],[-76.43407029899998,8.44957674072536],[-76.43382643400003,8.449187213725386],[-76.435137129,8.449525100725376],[-76.43776152200002,8.448141363725394],[-76.43941286,8.444849992725516],[-76.43618339699998,8.438259044725728],[-76.437699473,8.436603051725792],[-76.436927868,8.434033833725854],[-76.43895587499998,8.428473547726037],[-76.44020584700002,8.428922670726033],[-76.43991149200002,8.422258128726229],[-76.43853798999999,8.420979847726283],[-76.44028960000003,8.419258666726337],[-76.43944531800003,8.417724269726385],[-76.44168293799999,8.417896992726424],[-76.44104515700002,8.413855700726495],[-76.44226869900001,8.411612347726578],[-76.43980670399998,8.407568755726746],[-76.44081977299999,8.407519395726696],[-76.44091299500002,8.402629315726854],[-76.44410176500003,8.401842024726887],[-76.44155906399999,8.396863498727106],[-76.44341536399997,8.395611174727074],[-76.44234290399999,8.394022683727117],[-76.44348308999997,8.392566046727236],[-76.44421039100001,8.393471604727141],[-76.44469087800002,8.391449937727199],[-76.44133543499998,8.387001812727332],[-76.432028333,8.384599561727427],[-76.42722133299998,8.378933285727607],[-76.42545349400001,8.369349848727907],[-76.42774941,8.367750955727963],[-76.42863588699998,8.364072168728127],[-76.43176052400003,8.361987396728138],[-76.437347885,8.36167264372816],[-76.437720227,8.364905049728055],[-76.44436910600001,8.369005448727906],[-76.442504321,8.369178738727914],[-76.444460854,8.370650878727849],[-76.443750685,8.371965965727828],[-76.454225845,8.374427050727736],[-76.45872695100002,8.371272829727857],[-76.463822956,8.372502987727815],[-76.46586735300002,8.37067283872787],[-76.470272411,8.371034150727853],[-76.47065248500002,8.369452124727909],[-76.46812370100002,8.366596398727998],[-76.470767136,8.366537784727985],[-76.472060505,8.364487070728043],[-76.47529972900003,8.365792580728005],[-76.47654877600002,8.361845780728144],[-76.47788678699999,8.361440403728228],[-76.477442881,8.363633455728092],[-76.48126741200002,8.366683049727994],[-76.480534239,8.371578950727837],[-76.48307004999998,8.372542376727862],[-76.48495211800002,8.375768687727696],[-76.48959682600002,8.378286157727603],[-76.49563113900001,8.371971067727818],[-76.496749486,8.379709074727574],[-76.49971905299998,8.37811959472767],[-76.50102775699997,8.379023790727663],[-76.50127998,8.377410515727643],[-76.502907531,8.378823915727589],[-76.499971276,8.381398492727529],[-76.49462700700002,8.381017778727525],[-76.49872919799998,8.384534621727473],[-76.500599454,8.382431181727492],[-76.49993796400003,8.388760546727296],[-76.50285042399997,8.388141884727354],[-76.50397828899997,8.386143139727375],[-76.50363088699999,8.388831928727274],[-76.504934832,8.38976943672725],[-76.50580095599997,8.38709016272733],[-76.507837774,8.389031804727285],[-76.50867534499997,8.386447708727403],[-76.51131178700001,8.38603368272737],[-76.51227309,8.389065115727268],[-76.51509513000002,8.389736125727264],[-76.51611955099997,8.391560807727215],[-76.517731636,8.391477526727211],[-76.517701892,8.390228308727256],[-76.52070001300001,8.391423986727208],[-76.51993858600002,8.389532315727255],[-76.520949857,8.38900883672729],[-76.52274040100002,8.389776212727266],[-76.52203845999998,8.392197311727253],[-76.524251359,8.39100758172721],[-76.52625010600002,8.392465001727173],[-76.53048554700001,8.391310964727213],[-76.532329629,8.393202636727157],[-76.53936093599998,8.39206049572724],[-76.54018185000001,8.393815345727125],[-76.537689365,8.394630311727111],[-76.540009339,8.396010401727068],[-76.54375818,8.396625490727056],[-76.54782229900002,8.394488732727114],[-76.55069192899998,8.401484348726937],[-76.55320464,8.40110363672691],[-76.55364722000002,8.398605200726994],[-76.56591096199998,8.400080466726942],[-76.56897570799998,8.397929433727048],[-76.577018286,8.39615435672706],[-76.57692310800002,8.394131813727117],[-76.580844459,8.393203824727154],[-76.584565936,8.398662307726964],[-76.58621252299997,8.396144837727112],[-76.58282417100003,8.394065188727128],[-76.58358083899998,8.388758993727295],[-76.585022793,8.386279592727357],[-76.590823919,8.384456925727413],[-76.58659323699999,8.377137703727662],[-76.590467,8.375519670727773],[-76.59264182700002,8.378498755727614],[-76.59679732199999,8.377186407727718],[-76.59607158699998,8.37449761472774],[-76.59253213800002,8.375586219727714],[-76.59143758599998,8.371755285727879],[-76.593602896,8.370589349727855],[-76.594453553,8.372296612727819],[-76.59783833699998,8.37320081072779],[-76.59845104800002,8.370410890727882],[-76.60406062700002,8.365741199728019],[-76.60812950500002,8.36844783472792],[-76.606838648,8.372956913727776],[-76.60970589800002,8.371469750727849],[-76.60975333300001,8.36762772772796],[-76.60773358900002,8.36742613772795],[-76.607303279,8.364441106728068],[-76.61000531600001,8.362161624728131],[-76.61011773899997,8.36363475772813],[-76.613796696,8.3634060367281],[-76.61091633299998,8.360893954728166],[-76.61338576999998,8.359122317728293],[-76.612494136,8.356978522728307],[-76.611160563,8.357494120728283],[-76.61046664000003,8.35368723072838],[-76.610893073,8.35210942772845],[-76.61193335899998,8.353794473728383],[-76.614287682,8.3535197367284],[-76.615414267,8.35145416472848],[-76.61434981000002,8.349720944728526],[-76.617156459,8.348786457728558],[-76.61682940600002,8.340910839728794],[-76.61864639200002,8.339965623728835],[-76.61943753100002,8.337134127728927],[-76.61818849000002,8.337161389728927],[-76.61824761000003,8.335898357728974],[-76.62147248000002,8.330476480729137],[-76.62837452000002,8.330498136729137],[-76.63253640800002,8.326785281729256],[-76.63175454100002,8.323648172729323],[-76.63313223799997,8.322379435729394],[-76.64228946700001,8.32332972072935],[-76.64929444500001,8.322100964729401],[-76.649322999,8.317932148729533],[-76.65319508200002,8.3124570637297],[-76.659749352,8.311000541729735],[-76.667167415,8.306075538729907],[-76.67098767099998,8.305021231729997],[-76.68370360199998,8.306660871729896],[-76.68314231699998,8.299301736730126],[-76.67910336400001,8.296121893730223],[-76.68084674200003,8.29188637873036],[-76.67980272900002,8.289843737730418],[-76.684098367,8.279319363730751],[-76.68337128299999,8.277765089730858],[-76.68570337300002,8.275228501730885],[-76.68829956299999,8.27614180473092],[-76.68997153100003,8.274020462730919],[-76.689904216,8.278370489730765],[-76.69153797799999,8.278012080730834],[-76.69367933500001,8.280457265730702],[-76.692376691,8.282400315730657],[-76.696213667,8.281556146730683],[-76.69641743300002,8.284044992730607],[-76.70042542599998,8.282209286730657],[-76.699992425,8.284083198730604],[-76.70194638999999,8.28507291973063],[-76.70021620300002,8.286473805730528],[-76.70180812000001,8.2871851637305],[-76.70520117900003,8.285227560730561],[-76.70519240700003,8.282577284730646],[-76.713765125,8.285897754730554],[-76.71838316600002,8.282373171730654],[-76.717887465,8.280007655730799],[-76.722472703,8.279030831730749],[-76.72326728299998,8.280769431730706],[-76.72219204800001,8.281359899730662],[-76.72604102399998,8.282755881730642],[-76.729186541,8.278192514730788],[-76.72714906200002,8.275735875730867],[-76.730214392,8.276300831730852],[-76.731475515,8.274219613730915],[-76.73056794399997,8.271456806730994],[-76.733669723,8.272739800730957],[-76.73218626300002,8.2683659627311],[-76.73408888199998,8.267217830731116],[-76.733811872,8.264600818731223],[-76.73693916500002,8.262417545731278],[-76.738386176,8.264156145731233],[-76.739585336,8.263995771731228],[-76.73921356,8.262100442731306],[-76.742320044,8.263273888731261],[-76.74106368899999,8.26465873573127],[-76.74189888,8.266511143731147],[-76.74411177899998,8.263930618731305],[-76.74704188099997,8.263056574731271],[-76.74719556000002,8.269848340731055],[-76.75088253500002,8.266222039731163],[-76.752181721,8.267285658731112],[-76.75028648,8.269262990731074],[-76.751046718,8.271133248731017],[-76.755604575,8.267878144731112],[-76.75621847600002,8.268863241731085],[-76.75430895900001,8.270508639731032],[-76.76499584700002,8.271029520731014],[-76.77048514399996,8.269496913731114],[-76.77179793499994,8.269906014731111],[-76.77218261399997,8.269887696731052],[-76.77224977999998,8.269844954731049],[-76.77229252199999,8.269796106731096],[-76.77432177600002,8.266530889731166],[-76.77202960799997,8.259594084731438],[-76.76093129999998,8.253161325731632],[-76.75883577299999,8.244860362731883],[-76.75552133999997,8.24012635173205],[-76.75431276999996,8.234780092732198],[-76.75321621599994,8.234810698732197],[-76.75316447199998,8.22076360973266],[-76.74969595599998,8.216610074732799],[-76.74925383399994,8.211421308732955],[-76.74736924199993,8.211271528732949],[-76.74923265399997,8.209962592733001],[-76.74730507099997,8.207006881733063],[-76.74846407199993,8.206082277733119],[-76.74708965999997,8.203354263733194],[-76.74730033599997,8.196585868733415],[-76.74472537499997,8.192112211733544],[-76.74597836099997,8.19123890673361],[-76.74453706699995,8.18547790273377],[-76.73821255299998,8.170276193734248],[-76.73894839099995,8.159946003734591],[-76.74378435699998,8.137678837735285],[-76.75586000499999,8.121447187735797],[-76.75364844399996,8.119650443735862],[-76.75087464399996,8.113083683736068],[-76.74794282399995,8.111081188736133],[-76.74486068999994,8.104155143736358],[-76.74100340499996,8.101228707736448],[-76.74496180499995,8.106360500736264],[-76.74639908099994,8.11087479373612],[-76.74418174599998,8.116206674735965],[-76.74227718299994,8.11666667973593],[-76.74016838099999,8.115177661736004],[-76.73801939599997,8.10085502873646],[-76.73600045999996,8.09854521073651],[-76.73873080899995,8.09832783773652],[-76.74171119399995,8.093457754736665],[-76.74280336699996,8.085486084736955],[-76.74155089399994,8.080892959737056],[-76.74340533299994,8.077914733737167],[-76.74144786899996,8.074959045737282],[-76.74387491999994,8.064670256737594],[-76.74287554599994,8.063123606737616],[-76.74194517699993,8.06480350673756],[-76.73906330099999,8.06508981873756],[-76.73835932899993,8.066864119737522],[-76.73556934399994,8.065955072737555],[-76.73422052199999,8.069179214737474],[-76.73574147399995,8.070958099737386],[-76.73318593299996,8.07075822573741],[-76.73443086699996,8.075117397737245],[-76.73900289199997,8.07422836273727],[-76.73356471499994,8.076583384737207],[-76.73712823099999,8.087028661736856],[-76.73593840999996,8.089480758736782],[-76.73889939399999,8.088722882736835],[-76.73883696599995,8.087579270736853],[-76.74013496499998,8.08845960473681],[-76.73606233199996,8.089884241736783],[-76.73603230699996,8.09254587173673],[-76.73373159299996,8.089819578736792],[-76.72886954899997,8.09145168373674],[-76.72805599799995,8.09064334873678],[-76.73295915199998,8.088943520736803],[-76.73026108399995,8.084767520736962],[-76.72972974599998,8.087330603736865],[-76.72801045099999,8.08739253373688],[-76.72609670299994,8.083615514737016],[-76.72202530399994,8.08061885573709],[-76.71960675299994,8.070941345737383],[-76.71603383599995,8.066737046737531],[-76.71476101399998,8.0616436067377],[-76.71523390299996,8.052896127737961],[-76.72019997799998,8.039185706738412],[-76.72570739699995,8.035350396738528],[-76.72914546499999,8.037547774738464],[-76.73533794699995,8.037004501738476],[-76.72791306599999,8.030689251738679],[-76.72791474599995,8.028769177738742],[-76.73508455599995,8.021032707738991],[-76.73829883599996,8.023760572738896],[-76.73910575999997,8.020394806739002],[-76.74452173999998,8.01858241673906],[-76.73959106299998,8.016975343739107],[-76.74195574499998,8.009763495739346],[-76.74185233499998,8.005114530739485],[-76.73970726699997,8.00607461873946],[-76.73616986899998,8.005270176739481],[-76.73563794199998,8.00030024473964],[-76.73097613899995,7.997998638739713],[-76.72616312199995,7.984528856740122],[-76.72659446299997,7.981590276740239],[-76.73241010399994,7.971983124740543],[-76.74552609199998,7.961636767740872],[-76.74531204899995,7.956369015741029],[-76.73905397699997,7.947165185741331],[-76.74257972799995,7.941484558741506],[-76.75344358999996,7.93679423374164],[-76.74983741099999,7.934051655741739],[-76.74707478299996,7.929160001741903],[-76.74836664499998,7.922084051742122],[-76.75662602499995,7.914958845742333],[-76.76818461199997,7.910304692742491],[-76.79643422999999,7.904993309742667],[-76.81535761399994,7.903192352742722],[-76.85732604499998,7.90432833474268],[-76.86090297499999,7.903507364742699],[-76.86248647099995,7.900559465742802],[-76.86702415899998,7.903716351742702],[-76.88566221599996,7.905714390742633],[-76.91179560799998,7.91203507174242],[-76.92224800099996,7.917593946742262],[-76.93132809199994,7.933043041741778],[-76.93275213399994,7.943677534741437],[-76.92837603199996,7.967790851740681],[-76.92803245599998,7.988723746739997],[-76.92626703099995,7.992742242739882],[-76.92046878499997,7.99893624773969],[-76.92416288299995,8.00396155373952],[-76.92895027599997,8.00572167573947],[-76.92483211199993,8.011413941739276],[-76.92676218699995,8.016773495739102],[-76.92482717899998,8.024643582738873],[-76.92087744999998,8.028577493738723],[-76.91760182299998,8.027069062738788],[-76.91818790199994,8.032093197738615],[-76.91196753799994,8.041719896738334],[-76.90462722599995,8.045098101738217],[-76.89047920699994,8.045473662738198],[-76.88365603999995,8.043298417738283],[-76.87954198399996,8.038440024738431],[-76.87425418499998,8.029059500738732],[-76.87451002399996,8.021356313738979],[-76.87140167199993,8.021773428738964],[-76.86661111899997,8.026292510738823],[-76.86274768899995,8.024783344738864],[-76.86426216899997,8.020178895739015],[-76.85855581499999,8.022567319738936],[-76.85174412199996,8.022935366738924],[-76.84670529799996,8.020420628738997],[-76.84695862799998,8.018076285739069],[-76.84351560599998,8.016148520739124],[-76.83418913199995,8.019827307739025],[-76.83581141099995,8.024942688738848],[-76.84065447899997,8.024854961738864],[-76.84745742099994,8.027370764738784],[-76.84728710099995,8.03147351173864],[-76.85534974499996,8.034994669738545],[-76.85971795199998,8.03524820073853],[-76.86156392899994,8.039352016738398],[-76.85854015299998,8.038429370738438],[-76.85786534799996,8.04353663173825],[-76.86139487899999,8.042964094738291],[-76.86466936799997,8.044796185738216],[-76.86533699299997,8.053337144737958],[-76.86718565299998,8.052500781737962],[-76.86828032099999,8.047561181738129],[-76.87004481199995,8.046975958738171],[-76.87163785599995,8.053172893737962],[-76.868444346,8.055348298737892],[-76.85340559199994,8.056847521737845],[-76.84576316199997,8.052321780737977],[-76.84677279799996,8.04964294573808],[-76.84156595399998,8.046625655738172],[-76.84038958699995,8.04704363673816],[-76.84097570699998,8.050393228738054],[-76.83963174899998,8.050057529738067],[-76.83745198399998,8.042436704738302],[-76.83232513499996,8.046369050738173],[-76.83492781199999,8.049049996738086],[-76.83450661799998,8.050975568738039],[-76.83097917299995,8.049382572738084],[-76.83081272399994,8.046786799738175],[-76.82946802299995,8.047707033738119],[-76.82997045099995,8.050386741738052],[-76.83954221499994,8.059519115737748],[-76.85148894099996,8.059680005737757],[-76.85365459399998,8.062218981737665],[-76.85674303699994,8.061518717737696],[-76.86140146899999,8.062925080737658],[-76.86492393899994,8.061037079737718],[-76.86708954599999,8.063845963737618],[-76.86714107099993,8.068975566737453],[-76.86985151599998,8.065899204737555],[-76.87315523399997,8.068060687737496],[-76.87093226099995,8.071407296737398],[-76.86779025399994,8.070811747737384],[-76.86637995099994,8.074050753737282],[-76.86069216499999,8.072319924737343],[-76.85874030799994,8.075018660737268],[-76.84373116699999,8.07808810173716],[-76.83977328399999,8.082945407737016],[-76.83630715899994,8.080675572737103],[-76.83451896299994,8.081160473737079],[-76.83061338099998,8.088879468736838],[-76.82753428599995,8.089812842736805],[-76.82501072199994,8.093781599736678],[-76.82157241399995,8.094375313736649],[-76.82614226299995,8.094987646736616],[-76.83239854899995,8.093470146736687],[-76.83743523699997,8.097036832736576],[-76.83803228299996,8.095255338736635],[-76.83548822999995,8.091150189736767],[-76.83733141599998,8.089369432736815],[-76.83874012999996,8.089316262736821],[-76.83727541299999,8.092447133736714],[-76.84919750099994,8.088242330736861],[-76.85466802099995,8.091269093736734],[-76.85547904199996,8.094347275736666],[-76.85249666899995,8.098719270736515],[-76.85027495899999,8.099203998736495],[-76.84978835699997,8.097367883736561],[-76.84729497899997,8.099202327736492],[-76.85422693299995,8.105145675736324],[-76.85207495899994,8.107728042736245],[-76.85717432899997,8.11237754073609],[-76.85252767599997,8.116011695735954],[-76.85405158899994,8.119979843735846],[-76.85199375799994,8.1215656317358],[-76.84880932199997,8.12063814873583],[-76.84316730699999,8.124073268735726],[-76.83763071599998,8.12247504873577],[-76.83520343499998,8.126448986735648],[-76.83128943099996,8.124991958735686],[-76.82093391199999,8.131796080735477],[-76.81270599599998,8.131658560735472],[-76.81522520199997,8.135164636735364],[-76.82205784299998,8.13827670573526],[-76.83592339999996,8.135040576735358],[-76.82933623499997,8.141120291735161],[-76.84240178899995,8.136636166735327],[-76.86865793099997,8.13234466473546],[-76.87663793099995,8.129782926735546],[-76.88239979099995,8.12966611673554],[-76.89356208499999,8.13230287473545],[-76.89428269599995,8.131465886735475],[-76.89044269599998,8.128832583735578],[-76.88900408999996,8.124884585735698],[-76.88768672599997,8.118424699735886],[-76.88862995899996,8.114379745736015],[-76.89669319799998,8.109696811736152],[-76.89969666899998,8.103597701736371],[-76.90277093699996,8.101105554736447],[-76.92602510199998,8.090802762736768],[-76.93186905099998,8.09152918573675],[-76.93582783699998,8.09751140773656],[-76.93462662699994,8.100142553736474],[-76.93810759399997,8.09978490773649],[-76.94098760499998,8.101819362736427],[-76.93498561999996,8.103252708736377],[-76.93666416699995,8.108636035736211],[-76.93474349299998,8.109113832736172],[-76.93510295799996,8.110908208736134],[-76.94110267799994,8.116532236735953],[-76.95046363799997,8.121918009735788],[-76.95274287299998,8.126583757735618],[-76.95202094199993,8.132085893735468],[-76.94949861199996,8.136869766735316],[-76.95033640299994,8.144764710735052],[-76.94360019399994,8.155009914734732],[-76.94475732399997,8.162030973734517],[-76.94190361199998,8.16096359473455],[-76.94368621799998,8.16451895973445],[-76.94323955499993,8.166651676734379],[-76.94065296299993,8.166828548734363],[-76.93842380799998,8.165050402734428],[-76.93583700599999,8.165849330734405],[-76.93557159799997,8.159717257734586],[-76.93245042499996,8.15847198073462],[-76.92977315999997,8.16282560773448],[-76.92620556599996,8.162824289734498],[-76.92959298199997,8.167713349734324],[-76.93360574599996,8.170025397734271],[-76.93161135099996,8.171805375734216],[-76.93168175799997,8.173635923734146],[-76.92817557799998,8.174411355734133],[-76.92533384899997,8.171423897734217],[-76.92176347099996,8.171423897734217],[-76.92380368699997,8.177107357734041],[-76.91797449899997,8.176232975734061],[-76.90944931099995,8.177617409734003],[-76.91083374299996,8.180823464733924],[-76.91914033599994,8.181624977733895],[-76.92220066099998,8.185122488733764],[-76.92613536299996,8.184612435733815],[-76.92810271299999,8.1813335157339],[-76.92693687599996,8.189858704733647],[-76.92263784899995,8.189057191733673],[-76.92030617399996,8.186288326733754],[-76.91979611999994,8.188765730733659],[-76.92489665999994,8.192117514733566],[-76.92183633599996,8.193210486733518],[-76.917537311,8.19255470673355],[-76.91586141799996,8.193939135733489],[-76.91542422999999,8.192336108733553],[-76.91280109299998,8.192481841733558],[-76.91433125599997,8.190878812733585],[-76.91148952799995,8.18956724773365],[-76.91025082499993,8.190805946733608],[-76.91258249999998,8.193356215733514],[-76.91957752599996,8.196197945733422],[-76.92620822699996,8.192336108733553],[-76.92999719999995,8.19503210973347],[-76.92569817299994,8.201735674733268],[-76.92496952599998,8.204868862733159],[-76.92657255099994,8.207783457733067],[-76.93232887499994,8.207419134733092],[-76.93021579399993,8.205233189733153],[-76.92715546999995,8.205160324733164],[-76.92642682199994,8.202974379733217],[-76.92788411999999,8.20443167673318],[-76.92781125399995,8.20144421473325],[-76.93065298299996,8.203994485733187],[-76.93495200899997,8.204140214733181],[-76.93684649499994,8.207054808733094],[-76.94369579299996,8.210625186732981],[-76.93932389999998,8.200569836733282],[-76.93364044199996,8.196926597733412],[-76.93356757799995,8.195104973733473],[-76.93502487299997,8.19503210973347],[-76.93473341499998,8.188838595733651],[-76.93837665699994,8.184466707733804],[-76.93925103599997,8.181187787733899],[-76.94136411599999,8.179949082733945],[-76.94376865599997,8.179803353733954],[-76.94626602599999,8.185048605733794],[-76.94867417299997,8.185404854733779],[-76.95054799899998,8.183094848733836],[-76.95735867099995,8.184764904733802],[-76.96597681199995,8.205939124733113],[-76.96706401399996,8.213199405732903],[-76.96513826099994,8.225661483732503],[-76.97025141499995,8.231942719732315],[-76.96740538199998,8.233413224732248],[-76.96851931499998,8.243317729731947],[-76.96495274799997,8.2448239017319],[-76.96380187699998,8.2384360887321],[-76.95857844399995,8.239654657732073],[-76.95584209999998,8.235491205732197],[-76.95046973099994,8.251960638731676],[-76.94935295599998,8.252211476731667],[-76.94601203999997,8.248281840731776],[-76.94323024099998,8.248979844731771],[-76.94582529299998,8.2445668837319],[-76.94178951699996,8.248512859731786],[-76.94841619999994,8.252749445731643],[-76.96228386399997,8.256126837731541],[-76.980189752,8.255281793731491],[-76.978291646,8.22769101473239],[-76.96651136700001,8.191789281733517],[-76.95555357900002,8.181330434733853],[-76.94933258600003,8.172336840734136],[-76.953743842,8.15038305673483],[-76.95559982100002,8.122733718735702],[-76.95087319200002,8.106526528736218],[-76.95089698700002,8.0976035477365],[-76.94473418299998,8.09500993573658],[-76.94197400799999,8.090155835736741],[-76.940879456,8.075569738737192],[-76.93828584300002,8.067979260737445],[-76.939071066,8.062839622737602],[-76.94083186699999,8.059270431737716],[-76.947422974,8.049776381738017],[-76.95991514399998,8.036903498738486],[-76.96988508599998,8.032073191738615],[-76.983471808,8.031930424738567],[-76.98497086799995,8.031740070738644],[-76.98611301,8.031454531738596],[-76.98715997300002,8.031026229738618],[-76.99306103599997,8.025529673738765],[-76.99451250700002,8.023411953738828],[-76.99565464799997,8.021151465738967],[-76.99660643300001,8.019057540738984],[-76.99762960099997,8.015964240739144],[-76.99908107200002,8.00951590473929],[-77.003245129,7.997618596739652],[-77.00398276200002,7.994215967739769],[-77.00464901099997,7.990194679739957],[-77.00531525999997,7.985483347740103],[-77.005553206,7.982318662740147],[-77.00574356300001,7.973038765740449],[-77.00548182199998,7.971087607740565],[-77.00058013300003,7.962378778740793],[-77.00008044600003,7.958428873740903],[-77.00181745200001,7.954883477741023],[-77.005243876,7.952194685741093],[-77.018140555,7.950671832741156],[-77.02142421100001,7.948792056741211],[-77.02101970299998,7.946365006741286],[-77.013238865,7.939345596741512],[-77.01231087500003,7.933825247741693],[-77.015190023,7.923427004742028],[-77.02211425500002,7.909031265742477],[-77.02639728499997,7.890423880743129],[-77.028562594,7.884903528743226],[-77.03139415299995,7.88009701874345],[-77.034704051,7.876080623743518],[-77.049025959,7.863988069743908],[-77.05837724000003,7.851543487744309],[-77.06278746200002,7.848859591744381],[-77.06646845300003,7.848070811744414],[-77.069219083,7.847888781744406],[-77.073183228,7.847524727744421],[-77.07471733800003,7.847436429744443],[-77.07524620100003,7.847403375744413],[-77.07678331800003,7.846978647744447],[-77.08061160199998,7.845174143744499],[-77.083226846,7.841999358744607],[-77.08943045,7.830443628744971],[-77.09366349700002,7.826149761745111],[-77.09520831600003,7.82506717074514],[-77.09766542900002,7.823887269745183],[-77.098614215,7.823546679745179],[-77.09957516600002,7.823327730745197],[-77.101716017,7.823254748745194],[-77.10558414600001,7.82392376174517],[-77.11689660000002,7.830954511744957],[-77.11896446700001,7.831939792744927],[-77.12167702300002,7.83268178974488],[-77.122978564,7.832584478744896],[-77.12535053,7.831063987744937],[-77.126019546,7.830236840744961],[-77.12755220100001,7.827572939745037],[-77.12783197099998,7.826380874745084],[-77.127771151,7.824677924745155],[-77.127284594,7.822123502745237],[-77.12546000499998,7.81481297974552],[-77.124572038,7.812039603745556],[-77.123769219,7.808572883745665],[-77.12356243200003,7.792650303746173],[-77.122139253,7.788015845746325],[-77.12121479400002,7.786848108746361],[-77.119378041,7.785510078746398],[-77.11446381399998,7.783880109746491],[-77.03970149600002,7.704761728748948],[-76.99969680700002,7.668326231750148],[-76.96013826799998,7.639772699751068],[-76.95850238899999,7.636203508751126],[-76.95879982100001,7.632783032751264],[-76.945712786,7.596942401752419],[-76.94541535299999,7.591737330752605],[-76.93619494199999,7.583409217752859],[-76.82584743799998,7.581475904752933],[-76.820642367,7.577906713752988],[-76.801011813,7.5716606287532],[-76.68248093900002,7.467637002756503],[-76.64410618300002,7.468331139756464],[-76.647896602,7.468950505756463],[-76.64674259100002,7.471101004756372],[-76.647740042,7.47510538075626],[-76.65163578099998,7.477949584756218],[-76.648686914,7.478407888756151],[-76.65005272399998,7.480449466756127],[-76.652475015,7.480416155756092],[-76.65179924900002,7.482072259756047],[-76.65039536699999,7.481425045756096],[-76.64918659799997,7.480796867756117],[-76.64750194200002,7.481191858756056],[-76.64849179599997,7.484599246755971],[-76.64619799500002,7.487854347755849],[-76.647711335,7.488577706755827],[-76.65065710599998,7.486036441755925],[-76.64890373100002,7.490126612755764],[-76.65426573399998,7.49354213975573],[-76.654646448,7.497283841755564],[-76.653016515,7.497854915755544],[-76.65632396799998,7.498753159755502],[-76.65630017199999,7.500412832755451],[-76.65872722199998,7.500180838755525],[-76.65788251499998,7.502875576755444],[-76.661850265,7.503351468755366],[-76.658739121,7.505683341755293],[-76.658941374,7.508711204755198],[-76.66176103499998,7.509728423755166],[-76.66008351599999,7.513684277755076],[-76.658715326,7.514653908755013],[-76.65949460000002,7.515962612754969],[-76.66144575800001,7.513963863755039],[-76.66462828700003,7.514517087755007],[-76.66518746000003,7.517455723754924],[-76.66248082300001,7.520394356754815],[-76.665110126,7.519305755754859],[-76.66558601999998,7.52151865175479],[-76.66904813500003,7.520882147754812],[-76.667673997,7.5242252907547],[-76.67484212099998,7.525557788754727],[-76.677762912,7.5303999937545],[-76.68079077599998,7.529466055754528],[-76.692485825,7.537847703754275],[-76.695168669,7.538299800754249],[-76.693943246,7.540982643754173],[-76.69635839900002,7.54696103975397],[-76.70616772699998,7.560512070753608],[-76.703175553,7.563730292753439],[-76.70782740099997,7.564699920753418],[-76.70767868299998,7.567608812753324],[-76.710599473,7.568090654753301],[-76.71112890400002,7.571243438753209],[-76.71329421299998,7.573313570753172],[-76.71480517100002,7.578709000752968],[-76.713151445,7.583860533752805],[-76.7142341,7.586037739752736],[-76.711176492,7.586787269752713],[-76.71145607699998,7.590528970752621],[-76.71360354199999,7.593830474752553],[-76.718927587,7.59541281475242],[-76.71851713,7.597542433752365],[-76.72071813100001,7.597887452752363],[-76.72216365399998,7.600873677752295],[-76.72285964500003,7.598987954752315],[-76.724638293,7.600147941752265],[-76.72539377099997,7.597500792752368],[-76.72826697,7.599773176752272],[-76.73183616300003,7.598119450752359],[-76.73293666400002,7.599666102752309],[-76.736416625,7.600189581752274],[-76.73799896499997,7.602884323752203],[-76.74510165800001,7.605793212752134],[-76.744286693,7.608351132752015],[-76.74730860699998,7.605073426752173],[-76.75266834400003,7.603044935752202],[-76.754090072,7.606786639752077],[-76.756374355,7.605406550752111],[-76.75518462399998,7.608380877752019],[-76.75617804900003,7.61002270575197],[-76.757790134,7.606322643752084],[-76.763274792,7.605156706752118],[-76.76583866099998,7.606209618752119],[-76.76473221100002,7.611099410751938],[-76.76602306900003,7.613930971751842],[-76.76128794200002,7.617000474751755],[-76.76251336399997,7.620742178751629],[-76.76572563600001,7.621110993751611],[-76.769687439,7.617952257751726],[-76.772620125,7.62390091275153],[-76.778324882,7.626542112751474],[-76.781935713,7.62394255375153],[-76.78041880799998,7.620706484751667],[-76.77907441299999,7.618529276751695],[-76.782274788,7.62000454375164],[-76.783732208,7.622657644751573],[-76.78251868000001,7.625084693751503],[-76.784933835,7.625530840751483],[-76.78670653299997,7.628314810751386],[-76.78112074799998,7.631176113751326],[-76.78222719799999,7.633460395751261],[-76.78728950099998,7.634780997751239],[-76.78345262099998,7.636999844751111],[-76.78503496000002,7.639617251751028],[-76.78668273900001,7.639117563751052],[-76.785849928,7.636857076751125],[-76.78987716400002,7.637041484751118],[-76.791263201,7.63990873475103],[-76.794029325,7.639230591751035],[-76.79752713300002,7.641152002750988],[-76.79236074800002,7.645618597750848],[-76.79279130100002,7.65040210075069],[-76.789937007,7.647340038750816],[-76.78918122200002,7.643979199750889],[-76.787920159,7.65186116775063],[-76.79069646800002,7.65168854675064],[-76.790987938,7.654311463750558],[-76.793432709,7.654728530750537],[-76.79065533800002,7.657122121750454],[-76.787784838,7.656019130750507],[-76.788285702,7.658557862750427],[-76.79415100799997,7.658209101750448],[-76.79649341800001,7.661055648750342],[-76.79712291499999,7.659819168750453],[-76.79577036400002,7.65825917675043],[-76.79691475700002,7.658194713750434],[-76.80053520000001,7.665603089750201],[-76.80273710199998,7.664157794750244],[-76.803923059,7.666350115750171],[-76.81071362400002,7.668446659750093],[-76.812600132,7.667763609750149],[-76.81191551699999,7.665776329750225],[-76.810982067,7.660959924750339],[-76.813878166,7.658246372750437],[-76.815355308,7.660271217750368],[-76.813238877,7.662487644750307],[-76.81328082099998,7.664468547750308],[-76.81629228100002,7.663318462750279],[-76.818027756,7.666473843750169],[-76.81999275700002,7.664838644750212],[-76.82038071900001,7.66571089375018],[-76.81713063299998,7.668852505750115],[-76.81518953400001,7.666655139750161],[-76.81502023000002,7.670982498750027],[-76.81329153500002,7.671992025750002],[-76.815035851,7.673275439749956],[-76.81939450200002,7.673048784749962],[-76.81900196599997,7.674619629749971],[-76.81574114300003,7.675339506749892],[-76.82064406,7.676064310749879],[-76.82056595799997,7.678544031749793],[-76.82312058399998,7.677237729749898],[-76.820693135,7.679401830749775],[-76.81779051299998,7.678975471749765],[-76.81699127899998,7.67737842774983],[-76.815286775,7.680545032749722],[-76.81888584900003,7.683638424749661],[-76.818110564,7.684640054749598],[-76.81503789700002,7.683814428749621],[-76.81507121800001,7.685003376749581],[-76.821046131,7.686977209749537],[-76.81597838800002,7.691075952749394],[-76.82181654800002,7.694102740749293],[-76.81590775900003,7.695194688749276],[-76.81667961199997,7.699848959749114],[-76.81340264699998,7.698819377749206],[-76.81417574699998,7.701418506749094],[-76.81605623399997,7.702965263749023],[-76.81307636499997,7.703303126749035],[-76.81297136500001,7.707880425748837],[-76.80960031199999,7.707470697748942],[-76.806679358,7.708819140748829],[-76.80680593,7.710594114748769],[-76.81198991399998,7.711743825748713],[-76.811767149,7.71401113774866],[-76.81052418899998,7.713984887748699],[-76.808830592,7.713041180748698],[-76.80771453099999,7.714288849748723],[-76.81174650399998,7.719802887748481],[-76.81504101899998,7.720238030748475],[-76.81480939199997,7.723082815748367],[-76.81716823800002,7.72219256474841],[-76.81721865999998,7.723271121748405],[-76.81946373599999,7.727467691748302],[-76.81672942799997,7.729708000748179],[-76.81641313699998,7.731788426748129],[-76.81751124300001,7.732094818748093],[-76.81677740100002,7.734777946748004],[-76.819514928,7.741301708747828],[-76.81784237699998,7.74749159074763],[-76.818017721,7.753130591747415],[-76.81605799099998,7.757756287747274],[-76.81889179199999,7.764852153747091],[-76.819101661,7.767122160746951],[-76.81773822999997,7.76799589874698],[-76.81540255099998,7.769567770746932],[-76.81374930099997,7.769039529746905],[-76.809733247,7.770775587746857],[-76.80955989,7.770961438746873]]]}},{"type":"Feature","properties":{"shapeName":"Necoclí","shapeISO":"","shapeID":"7082276B32018425198797","shapeGroup":"COL","shapeType":"ADM2"},"geometry":{"type":"Polygon","coordinates":[[[-76.62838174799998,8.720402113716863],[-76.63349524300003,8.714121347717027],[-76.64093847700002,8.71055214471716],[-76.63765805399998,8.708370612717212],[-76.63318404900002,8.695535832717628],[-76.634332922,8.689792349717807],[-76.63985755800002,8.68530649671795],[-76.641102617,8.680513119718098],[-76.64513402199998,8.6743895387183],[-76.654752374,8.668694930718475],[-76.677487746,8.65946877371876],[-76.71055117399999,8.650422783719046],[-76.74723907999999,8.643689283719263],[-76.79845078699998,8.63160132071964],[-76.84637496800002,8.625030562719843],[-76.88524518499997,8.623096324719906],[-76.887488669,8.607129078720412],[-76.88612088100001,8.602535251720548],[-76.89142601700001,8.59209560972088],[-76.902211292,8.580761310721241],[-76.92745450500001,8.563307096721795],[-76.93646985599997,8.55631308072199],[-76.93826178900002,8.553369862722096],[-76.93698006900001,8.541277799722469],[-76.92728871600002,8.526346347722951],[-76.921592814,8.527277087722926],[-76.914994358,8.531365177722783],[-76.90727967599997,8.532258973722765],[-76.90854133,8.53233129472277],[-76.909874344,8.534090197722714],[-76.911964823,8.534844658722673],[-76.91189312699998,8.533911643722712],[-76.91528138000001,8.5345948727227],[-76.922638125,8.527456927722907],[-76.931429842,8.537794981722566],[-76.934922889,8.547700318722285],[-76.928291989,8.541956351722458],[-76.92508289400001,8.543785194722401],[-76.92256011299997,8.542133523722466],[-76.918016168,8.54636600872232],[-76.91574512699998,8.546185647722334],[-76.917190387,8.538327617722553],[-76.91398276899997,8.536639722722635],[-76.913658989,8.535096569722686],[-76.911243792,8.53498788772267],[-76.90969399199997,8.5343413047227],[-76.90857715700002,8.532833685722753],[-76.90291835800002,8.531144626722801],[-76.893908957,8.525686080722977],[-76.848029565,8.510554485723445],[-76.83718302,8.505272981723623],[-76.825077411,8.496617265723875],[-76.810048843,8.480264991724408],[-76.80374322,8.469886813724742],[-76.79768101299999,8.455266764725176],[-76.794340493,8.434835444725811],[-76.789483329,8.427584887726077],[-76.78805819899998,8.421150801726268],[-76.77487122100001,8.421095038726293],[-76.76773954200002,8.413968763726494],[-76.75814542699999,8.392921576727142],[-76.761026216,8.351100233728479],[-76.754084934,8.342215166728765],[-76.753269575,8.32917179672919],[-76.75733737399997,8.308729899729823],[-76.77432177600002,8.266530889731166],[-76.77229252199999,8.269796106731096],[-76.77224977999998,8.269844954731049],[-76.77218261399997,8.269887696731052],[-76.77209712899997,8.269906014731053],[-76.76499584700002,8.271029520731014],[-76.75430895900001,8.270508639731032],[-76.75621847600002,8.268863241731085],[-76.755604575,8.267878144731112],[-76.751046718,8.271133248731017],[-76.75028648,8.269262990731074],[-76.752181721,8.267285658731112],[-76.75088253500002,8.266222039731163],[-76.74719556000002,8.269848340731055],[-76.74704188099997,8.263056574731271],[-76.74411177899998,8.263930618731305],[-76.74189888,8.266511143731147],[-76.74106368899999,8.26465873573127],[-76.742320044,8.263273888731261],[-76.73921356,8.262100442731306],[-76.739585336,8.263995771731228],[-76.738386176,8.264156145731233],[-76.73693916500002,8.262417545731278],[-76.733811872,8.264600818731223],[-76.73408888199998,8.267217830731116],[-76.73218626300002,8.2683659627311],[-76.733669723,8.272739800730957],[-76.73056794399997,8.271456806730994],[-76.731475515,8.274219613730915],[-76.730214392,8.276300831730852],[-76.72714906200002,8.275735875730867],[-76.729186541,8.278192514730788],[-76.72604102399998,8.282755881730642],[-76.72219204800001,8.281359899730662],[-76.72326728299998,8.280769431730706],[-76.722472703,8.279030831730749],[-76.717887465,8.280007655730799],[-76.71838316600002,8.282373171730654],[-76.713765125,8.285897754730554],[-76.70519240700003,8.282577284730646],[-76.70520117900003,8.285227560730561],[-76.70180812000001,8.2871851637305],[-76.70021620300002,8.286473805730528],[-76.70194638999999,8.28507291973063],[-76.699992425,8.284083198730604],[-76.70042542599998,8.282209286730657],[-76.69641743300002,8.284044992730607],[-76.696213667,8.281556146730683],[-76.692376691,8.282400315730657],[-76.69367933500001,8.280457265730702],[-76.69153797799999,8.278012080730834],[-76.689904216,8.278370489730765],[-76.68997153100003,8.274020462730919],[-76.68829956299999,8.27614180473092],[-76.68570337300002,8.275228501730885],[-76.68337128299999,8.277765089730858],[-76.684098367,8.279319363730751],[-76.67980272900002,8.289843737730418],[-76.68084674200003,8.29188637873036],[-76.67910336400001,8.296121893730223],[-76.68314231699998,8.299301736730126],[-76.68370360199998,8.306660871729896],[-76.67098767099998,8.305021231729997],[-76.667167415,8.306075538729907],[-76.659749352,8.311000541729735],[-76.65319508200002,8.3124570637297],[-76.649322999,8.317932148729533],[-76.64929444500001,8.322100964729401],[-76.64228946700001,8.32332972072935],[-76.63313223799997,8.322379435729394],[-76.63175454100002,8.323648172729323],[-76.63253640800002,8.326785281729256],[-76.62837452000002,8.330498136729137],[-76.62147248000002,8.330476480729137],[-76.61824761000003,8.335898357728974],[-76.61818849000002,8.337161389728927],[-76.61943753100002,8.337134127728927],[-76.61864639200002,8.339965623728835],[-76.61682940600002,8.340910839728794],[-76.617156459,8.348786457728558],[-76.61434981000002,8.349720944728526],[-76.615414267,8.35145416472848],[-76.614287682,8.3535197367284],[-76.61193335899998,8.353794473728383],[-76.610893073,8.35210942772845],[-76.61046664000003,8.35368723072838],[-76.611160563,8.357494120728283],[-76.612494136,8.356978522728307],[-76.61338576999998,8.359122317728293],[-76.61091633299998,8.360893954728166],[-76.613796696,8.3634060367281],[-76.61011773899997,8.36363475772813],[-76.61000531600001,8.362161624728131],[-76.607303279,8.364441106728068],[-76.60773358900002,8.36742613772795],[-76.60975333300001,8.36762772772796],[-76.60970589800002,8.371469750727849],[-76.606838648,8.372956913727776],[-76.60812950500002,8.36844783472792],[-76.60406062700002,8.365741199728019],[-76.59845104800002,8.370410890727882],[-76.59783833699998,8.37320081072779],[-76.594453553,8.372296612727819],[-76.593602896,8.370589349727855],[-76.59143758599998,8.371755285727879],[-76.59253213800002,8.375586219727714],[-76.59607158699998,8.37449761472774],[-76.59679732199999,8.377186407727718],[-76.59264182700002,8.378498755727614],[-76.590467,8.375519670727773],[-76.58659323699999,8.377137703727662],[-76.590823919,8.384456925727413],[-76.585022793,8.386279592727357],[-76.58358083899998,8.388758993727295],[-76.58282417100003,8.394065188727128],[-76.58621252299997,8.396144837727112],[-76.584565936,8.398662307726964],[-76.580844459,8.393203824727154],[-76.57692310800002,8.394131813727117],[-76.577018286,8.39615435672706],[-76.56897570799998,8.397929433727048],[-76.56591096199998,8.400080466726942],[-76.55364722000002,8.398605200726994],[-76.55320464,8.40110363672691],[-76.55069192899998,8.401484348726937],[-76.54782229900002,8.394488732727114],[-76.54375818,8.396625490727056],[-76.540009339,8.396010401727068],[-76.537689365,8.394630311727111],[-76.54018185000001,8.393815345727125],[-76.53936093599998,8.39206049572724],[-76.532329629,8.393202636727157],[-76.53048554700001,8.391310964727213],[-76.52625010600002,8.392465001727173],[-76.524251359,8.39100758172721],[-76.52203845999998,8.392197311727253],[-76.52274040100002,8.389776212727266],[-76.520949857,8.38900883672729],[-76.51993858600002,8.389532315727255],[-76.52070001300001,8.391423986727208],[-76.517701892,8.390228308727256],[-76.517731636,8.391477526727211],[-76.51611955099997,8.391560807727215],[-76.51509513000002,8.389736125727264],[-76.51227309,8.389065115727268],[-76.51131178700001,8.38603368272737],[-76.50867534499997,8.386447708727403],[-76.507837774,8.389031804727285],[-76.50580095599997,8.38709016272733],[-76.504934832,8.38976943672725],[-76.50363088699999,8.388831928727274],[-76.50397828899997,8.386143139727375],[-76.50285042399997,8.388141884727354],[-76.49993796400003,8.388760546727296],[-76.500599454,8.382431181727492],[-76.49872919799998,8.384534621727473],[-76.49462700700002,8.381017778727525],[-76.499971276,8.381398492727529],[-76.502907531,8.378823915727589],[-76.50127998,8.377410515727643],[-76.50102775699997,8.379023790727663],[-76.49971905299998,8.37811959472767],[-76.496749486,8.379709074727574],[-76.49563113900001,8.371971067727818],[-76.48959682600002,8.378286157727603],[-76.48495211800002,8.375768687727696],[-76.48307004999998,8.372542376727862],[-76.480534239,8.371578950727837],[-76.48126741200002,8.366683049727994],[-76.477442881,8.363633455728092],[-76.47788678699999,8.361440403728228],[-76.47654877600002,8.361845780728144],[-76.47529972900003,8.365792580728005],[-76.472060505,8.364487070728043],[-76.470767136,8.366537784727985],[-76.46812370100002,8.366596398727998],[-76.47065248500002,8.369452124727909],[-76.470272411,8.371034150727853],[-76.46586735300002,8.37067283872787],[-76.463822956,8.372502987727815],[-76.45872695100002,8.371272829727857],[-76.454225845,8.374427050727736],[-76.443750685,8.371965965727828],[-76.444460854,8.370650878727849],[-76.442504321,8.369178738727914],[-76.44436910600001,8.369005448727906],[-76.437720227,8.364905049728055],[-76.437347885,8.36167264372816],[-76.43176052400003,8.361987396728138],[-76.42863588699998,8.364072168728127],[-76.42774941,8.367750955727963],[-76.42545349400001,8.369349848727907],[-76.42722133299998,8.378933285727607],[-76.432028333,8.384599561727427],[-76.44133543499998,8.387001812727332],[-76.44469087800002,8.391449937727199],[-76.44421039100001,8.393471604727141],[-76.44348308999997,8.392566046727236],[-76.44234290399999,8.394022683727117],[-76.44341536399997,8.395611174727074],[-76.44155906399999,8.396863498727106],[-76.44410176500003,8.401842024726887],[-76.44091299500002,8.402629315726854],[-76.44081977299999,8.407519395726696],[-76.43980670399998,8.407568755726746],[-76.44226869900001,8.411612347726578],[-76.44104515700002,8.413855700726495],[-76.44168293799999,8.417896992726424],[-76.43944531800003,8.417724269726385],[-76.44028960000003,8.419258666726337],[-76.43853798999999,8.420979847726283],[-76.43991149200002,8.422258128726229],[-76.44020584700002,8.428922670726033],[-76.43895587499998,8.428473547726037],[-76.436927868,8.434033833725854],[-76.437699473,8.436603051725792],[-76.43618339699998,8.438259044725728],[-76.43941286,8.444849992725516],[-76.43776152200002,8.448141363725394],[-76.435137129,8.449525100725376],[-76.43382643400003,8.449187213725386],[-76.43407029899998,8.44957674072536],[-76.43402680000003,8.449720215725376],[-76.433539354,8.44988870872536],[-76.437034191,8.451738696725304],[-76.435690464,8.454614186725216],[-76.437850104,8.456276359725166],[-76.439976064,8.452519654725279],[-76.44974664799997,8.453813006725248],[-76.449909892,8.451087249725326],[-76.45292543599999,8.450493693725335],[-76.45433780500002,8.446344913725483],[-76.45830780199998,8.448322156725418],[-76.45996182599998,8.444263292725545],[-76.46519572900002,8.439088239725692],[-76.471182166,8.435881446725789],[-76.47589597400003,8.435197608725824],[-76.47650689,8.432543580725914],[-76.477328994,8.43451295972586],[-76.47541663200002,8.436685182725792],[-76.47976391100002,8.44095507872564],[-76.47857458200002,8.446915729725456],[-76.476612037,8.448181233725423],[-76.48141980999998,8.453631432725249],[-76.48520969100002,8.454625060725222],[-76.486751643,8.460916209725015],[-76.489404149,8.462899089724964],[-76.483893663,8.465393872724858],[-76.487203975,8.465851176724849],[-76.48842314199999,8.467863044724805],[-76.48592186399998,8.471133225724696],[-76.48343996099999,8.467613652724806],[-76.48126019699998,8.468822954724777],[-76.48456203400002,8.478130081724478],[-76.48779402899999,8.481975969724363],[-76.48307658200002,8.4868152337242],[-76.48038230200001,8.495362687723931],[-76.48559843599998,8.498867968723822],[-76.48958956899997,8.4995544177238],[-76.49148727300002,8.504629103723643],[-76.49456715000002,8.504410055723627],[-76.50387049900002,8.50874368172349],[-76.49845809099997,8.516512690723262],[-76.50705488,8.516926693723253],[-76.50910159900002,8.519008293723187],[-76.508243811,8.522610186723062],[-76.51050798900002,8.524977287722999],[-76.519434697,8.530974408722813],[-76.52334450900003,8.530022195722838],[-76.528489686,8.532847085722754],[-76.525967605,8.534712034722673],[-76.52604340200003,8.536492709722639],[-76.53076288300002,8.540420535722507],[-76.531642418,8.544051012722393],[-76.536268215,8.548885701722247],[-76.53554291,8.55245026972214],[-76.54532402500001,8.555385774722028],[-76.547601557,8.557715689721977],[-76.55610439399999,8.558689973721934],[-76.55745401500002,8.565062371721728],[-76.56634170199999,8.571859334721518],[-76.56536879100003,8.574097670721455],[-76.56704662499999,8.576048211721378],[-76.56522127599999,8.578887053721301],[-76.56622256100002,8.580843430721243],[-76.570902837,8.581816140721193],[-76.568309914,8.595997092720753],[-76.569119151,8.600267464720627],[-76.566767557,8.60375023472052],[-76.56720613200002,8.608212476720364],[-76.56544888500002,8.611413709720296],[-76.57022605999998,8.611128570720277],[-76.57439873300001,8.615379431720148],[-76.57369831,8.617769766720098],[-76.57666706600003,8.618670833720047],[-76.57034237099998,8.633702136719567],[-76.57072391000003,8.635614196719509],[-76.57744645899999,8.63550671671951],[-76.578019154,8.637425070719447],[-76.585447176,8.638030469719421],[-76.58806401099997,8.641580922719317],[-76.58991747699997,8.640628310719356],[-76.59087753,8.642076261719295],[-76.59533417900002,8.642402504719307],[-76.596715846,8.644975750719219],[-76.59868177499999,8.643594829719241],[-76.59958267500002,8.645110338719192],[-76.605084568,8.646072027719175],[-76.60614604300002,8.653841823718919],[-76.60219480699999,8.659746331718752],[-76.60167300299997,8.66881890671847],[-76.603108625,8.677681361718173],[-76.60696705599997,8.682883136717997],[-76.60418124799997,8.691010984717762],[-76.61363824699998,8.690561698717781],[-76.61626428599999,8.691911507717707],[-76.61873777199997,8.690840836717769],[-76.62001727299997,8.692641806717686],[-76.624196116,8.693734339717674],[-76.62093595099998,8.701175709717418],[-76.624452024,8.702469967717406],[-76.62528845100002,8.711683052717113],[-76.62838174799998,8.720402113716863]]]}},{"type":"Feature","properties":{"shapeName":"Arboletes","shapeISO":"","shapeID":"7082276B51622711378413","shapeGroup":"COL","shapeType":"ADM2"},"geometry":{"type":"Polygon","coordinates":[[[-76.56544888500002,8.611413709720296],[-76.56720613200002,8.608212476720364],[-76.566767557,8.60375023472052],[-76.569119151,8.600267464720627],[-76.568309914,8.595997092720753],[-76.570902837,8.581816140721193],[-76.56622256100002,8.580843430721243],[-76.56522127599999,8.578887053721301],[-76.56704662499999,8.576048211721378],[-76.56536879100003,8.574097670721455],[-76.56634170199999,8.571859334721518],[-76.55745401500002,8.565062371721728],[-76.55610439399999,8.558689973721934],[-76.547601557,8.557715689721977],[-76.54532402500001,8.555385774722028],[-76.53554291,8.55245026972214],[-76.536268215,8.548885701722247],[-76.531642418,8.544051012722393],[-76.53076288300002,8.540420535722507],[-76.52604340200003,8.536492709722639],[-76.525967605,8.534712034722673],[-76.528489686,8.532847085722754],[-76.52334450900003,8.530022195722838],[-76.519434697,8.530974408722813],[-76.51050798900002,8.524977287722999],[-76.508243811,8.522610186723062],[-76.50910159900002,8.519008293723187],[-76.50705488,8.516926693723253],[-76.49845809099997,8.516512690723262],[-76.50387049900002,8.50874368172349],[-76.49456715000002,8.504410055723627],[-76.49148727300002,8.504629103723643],[-76.48958956899997,8.4995544177238],[-76.48559843599998,8.498867968723822],[-76.48038230200001,8.495362687723931],[-76.48307658200002,8.4868152337242],[-76.48779402899999,8.481975969724363],[-76.48456203400002,8.478130081724478],[-76.48126019699998,8.468822954724777],[-76.48343996099999,8.467613652724806],[-76.48592186399998,8.471133225724696],[-76.48842314199999,8.467863044724805],[-76.487203975,8.465851176724849],[-76.483893663,8.465393872724858],[-76.489404149,8.462899089724964],[-76.486751643,8.460916209725015],[-76.48520969100002,8.454625060725222],[-76.48141980999998,8.453631432725249],[-76.476612037,8.448181233725423],[-76.47857458200002,8.446915729725456],[-76.47976391100002,8.44095507872564],[-76.47541663200002,8.436685182725792],[-76.477328994,8.43451295972586],[-76.47650689,8.432543580725914],[-76.47589597400003,8.435197608725824],[-76.471182166,8.435881446725789],[-76.46519572900002,8.439088239725692],[-76.45996182599998,8.444263292725545],[-76.45830780199998,8.448322156725418],[-76.45433780500002,8.446344913725483],[-76.45292543599999,8.450493693725335],[-76.449909892,8.451087249725326],[-76.44974664799997,8.453813006725248],[-76.439976064,8.452519654725279],[-76.437850104,8.456276359725166],[-76.435690464,8.454614186725216],[-76.437034191,8.451738696725304],[-76.433539354,8.44988870872536],[-76.43295518600002,8.45015248372536],[-76.430097923,8.44869309672539],[-76.42749653499999,8.454195846725275],[-76.42397200699997,8.45488577772527],[-76.41273985999999,8.464210975724919],[-76.411822535,8.467895569724789],[-76.406186112,8.473659611724619],[-76.406049677,8.476600576724522],[-76.40122472899998,8.473606145724633],[-76.39873578200002,8.47446503272459],[-76.39761431599999,8.473373776724626],[-76.398464903,8.471862723724675],[-76.394332974,8.47099671672469],[-76.39361535199998,8.469010393724773],[-76.39413715699999,8.46653711372484],[-76.39815733900002,8.46673293372483],[-76.402651671,8.463466089724937],[-76.397361052,8.454166718725228],[-76.39014298299998,8.455641200725172],[-76.38108963000002,8.453172623725246],[-76.37376859699998,8.454978890725204],[-76.370252812,8.452784553725277],[-76.36515321000002,8.458288272725097],[-76.36239884999998,8.45550277072519],[-76.35808494999998,8.45525406172519],[-76.357206658,8.45321745172525],[-76.354001633,8.452954589725257],[-76.35412705200002,8.449181528725378],[-76.348497845,8.4457136887255],[-76.34817897099998,8.44387495172554],[-76.34055150799998,8.443957286725535],[-76.33802865500002,8.44278005172558],[-76.33203131300002,8.446118420725478],[-76.32984831300001,8.445388212725504],[-76.32860698299999,8.44699916172545],[-76.328924815,8.452133087725274],[-76.326528129,8.454853621725189],[-76.327911019,8.456511062725154],[-76.32627926499998,8.458573224725104],[-76.32681824399998,8.462102118724987],[-76.32326566,8.464285011724916],[-76.32392562400003,8.467920087724826],[-76.32059691699999,8.470084836724725],[-76.32009343200002,8.473133963724628],[-76.31716584100002,8.47521119972456],[-76.318825951,8.478825100724432],[-76.31669639900002,8.48299306072432],[-76.31360457800002,8.481700052724358],[-76.31203914600002,8.48543053872424],[-76.311828472,8.487821998724167],[-76.31416438399998,8.48944492272412],[-76.316330429,8.496042551723917],[-76.31389252999998,8.506980865723555],[-76.31856741500002,8.511731800723414],[-76.30711650699999,8.520843839723124],[-76.30864785400001,8.521646648723088],[-76.30816123800003,8.523106428723047],[-76.31002180799999,8.523265202723046],[-76.309910801,8.524801863722988],[-76.313238405,8.524055519723014],[-76.315379136,8.526048990722943],[-76.31801620200002,8.52592987772296],[-76.31696875900002,8.529229621722864],[-76.31844248300001,8.527906284722874],[-76.31850782200002,8.529937237722839],[-76.32168836,8.528713964722883],[-76.321167086,8.533055821722739],[-76.31939644200003,8.534848710722676],[-76.320915926,8.536357634722645],[-76.318833003,8.538662934722558],[-76.32128258400002,8.541554534722462],[-76.31859459200001,8.541483330722471],[-76.32040892700002,8.543883820722407],[-76.319687526,8.546469595722323],[-76.31653685100002,8.548771470722256],[-76.31308209500003,8.555803040722017],[-76.30866510300001,8.560388214721867],[-76.30935772999999,8.564118936721748],[-76.30572654899998,8.566264643721695],[-76.30101808299997,8.566320076721693],[-76.300697873,8.567887784721625],[-76.296760055,8.56968031272158],[-76.29521447899998,8.569171440721583],[-76.29378680399998,8.576679779721376],[-76.291277019,8.576332530721368],[-76.28802777800001,8.58055286672124],[-76.286498054,8.58576448272107],[-76.287743363,8.59248040072086],[-76.28596206600002,8.595188152720763],[-76.282962511,8.596869567720718],[-76.27680268400002,8.592275407720855],[-76.276544688,8.59009294472092],[-76.265341707,8.590249856720943],[-76.264627996,8.593773844720818],[-76.26265085099999,8.591718222720877],[-76.26060447999998,8.595152954720787],[-76.25818173099998,8.593042384720835],[-76.254814597,8.594491086720799],[-76.254096796,8.60272683972055],[-76.25127188,8.607070518720398],[-76.251066284,8.611310207720296],[-76.256930765,8.616681630720112],[-76.264761776,8.617634588720048],[-76.26979671999999,8.62632919271981],[-76.26605742499999,8.638807096719395],[-76.27316011800002,8.640199081719345],[-76.27644377399997,8.642852183719272],[-76.28221634699997,8.644158504719247],[-76.28146642000002,8.648865871719078],[-76.28861432100001,8.649422668719069],[-76.29590736900002,8.653170315718961],[-76.29790611599998,8.652349404718972],[-76.29886979600002,8.649386973719054],[-76.30390235800002,8.65231370971897],[-76.31257549100002,8.65391984671893],[-76.31400316999998,8.656489664718839],[-76.32660241500002,8.652849091718961],[-76.339344429,8.64142767871933],[-76.34562620499997,8.639821540719378],[-76.34487667600001,8.642748278719278],[-76.34676834800001,8.64967250771905],[-76.35069445599999,8.65559736571888],[-76.34925235700001,8.666306839718548],[-76.351107776,8.674913829718253],[-76.35555345799997,8.682621573718029],[-76.355698716,8.692978691717705],[-76.36119793900002,8.701534773717414],[-76.36352655899998,8.709482104717193],[-76.367565856,8.714506212717016],[-76.36788788400003,8.720674674716832],[-76.37246448600001,8.725272199716693],[-76.38279578599997,8.73186069771647],[-76.39965709,8.746125608716023],[-76.40902817300002,8.746166060716025],[-76.41443349500003,8.74798870571598],[-76.41956591299999,8.75499415671575],[-76.41908741700001,8.757935723715653],[-76.41533719400002,8.76264999571551],[-76.40779701399998,8.769316947715282],[-76.39961431400002,8.779618432714976],[-76.389433796,8.783733095714846],[-76.38116683499999,8.794208979714533],[-76.41360458100002,8.873973718712008],[-76.418297156,8.863535813712334],[-76.42516417500002,8.856586858712564],[-76.42880519800002,8.855344594712616],[-76.428561576,8.853976610712657],[-76.429696497,8.854736928712633],[-76.43078685299997,8.8524148707127],[-76.434726394,8.851466668712709],[-76.435225522,8.84999592371275],[-76.435576099,8.851046875712733],[-76.43591182199998,8.849514480712813],[-76.43693978699997,8.850133897712782],[-76.44136754099998,8.846311269712885],[-76.47949565599998,8.826746704713509],[-76.48238960100002,8.821763718713639],[-76.486419694,8.818620562713777],[-76.47789416900002,8.810384544713987],[-76.478027419,8.80444540971423],[-76.47231671100002,8.801685234714267],[-76.46952322599998,8.79530986871448],[-76.471521973,8.786358333714766],[-76.47544808200001,8.784066912714842],[-76.475548021,8.781861150714896],[-76.473642073,8.779691083714955],[-76.47798220800001,8.7725312867152],[-76.47968114499997,8.772524147715203],[-76.47993098900002,8.77038976971528],[-76.48332319000002,8.767714839715353],[-76.47215599499998,8.761925845715533],[-76.46802433699997,8.756085143715714],[-76.46470779999999,8.744388769716092],[-76.45864622,8.74111979271618],[-76.44662921399998,8.73804715071628],[-76.436078851,8.739259462716241],[-76.43336840299997,8.738403080716282],[-76.42847275499997,8.734110202716412],[-76.429027501,8.729661846716535],[-76.437351262,8.718191219716907],[-76.44159664699998,8.716341534716994],[-76.44541420000002,8.712093142717103],[-76.44823334699998,8.705532447717298],[-76.448209836,8.697701915717584],[-76.450401672,8.69019200771779],[-76.45365016099998,8.68856230271787],[-76.461091463,8.689512792717816],[-76.46118984700001,8.686064968717897],[-76.46585428499998,8.679430937718124],[-76.468917685,8.67921972471813],[-76.47233688799997,8.676479746718199],[-76.476254891,8.676324636718222],[-76.47745590199997,8.678003433718182],[-76.47524129300001,8.67785616371817],[-76.47658475100002,8.680780888718093],[-76.47947323099999,8.681072949718072],[-76.48004426300002,8.68529003871794],[-76.48211446599998,8.685437046717936],[-76.48215710900001,8.68888671171783],[-76.484126834,8.691668675717752],[-76.48345027900001,8.693200761717703],[-76.49009401900003,8.693881954717666],[-76.48990736000002,8.68882190571782],[-76.48561342199997,8.679205013718128],[-76.49119774500002,8.674022665718285],[-76.49083913800001,8.662103290718674],[-76.49379154000002,8.660003502718729],[-76.50232571599997,8.658403948718782],[-76.50279127599998,8.655801950718871],[-76.50761583899998,8.649475751719077],[-76.51381569699998,8.64570234271918],[-76.512481653,8.640394043719363],[-76.51439629700002,8.637192110719445],[-76.517909508,8.634990731719535],[-76.518378574,8.631960542719618],[-76.52407524799997,8.630207520719665],[-76.53409890299997,8.616127870720122],[-76.542754161,8.611257411720256],[-76.545784599,8.603572579720506],[-76.54839571600002,8.603130110720517],[-76.551390771,8.605113556720449],[-76.55543402500001,8.603145465720536],[-76.56544888500002,8.611413709720296]]]}}]}